case_id,path,family,candidate,N,q,rep,iterations,release_first_med_us,release_last_med_us,release_pacing_med_us,release_to_gemm_delay_med_us,gemm_dur_med_us
case001_ds_C0_DEFAULT_N512_q2_rep1,DS_PUSHSIG_SERIAL,DUSHMEM,C0_DEFAULT,512,2,1,80,4336.9,8161.8,3824.8,5.6,577.5
case002_ds_C0_DEFAULT_N512_q2_rep2,DS_PUSHSIG_SERIAL,DUSHMEM,C0_DEFAULT,512,2,2,80,4336.3,8185.9,3852.4,5.6,581.2
case003_ds_C0_DEFAULT_N512_q2_rep3,DS_PUSHSIG_SERIAL,DUSHMEM,C0_DEFAULT,512,2,3,80,4330.6,8174.8,3845.6,5.6,582.3
case004_ds_C0_DEFAULT_N512_q2_rep4,DS_PUSHSIG_SERIAL,DUSHMEM,C0_DEFAULT,512,2,4,80,4331.8,8182.8,3852.0,5.4,581.2
case005_ds_C0_DEFAULT_N512_q2_rep5,DS_PUSHSIG_SERIAL,DUSHMEM,C0_DEFAULT,512,2,5,80,4337.5,8187.7,3847.3,5.4,580.4
case006_d1_C0_DEFAULT_N512_q2_rep1,D1_PUSHSIG_OVERLAP,DUSHMEM,C0_DEFAULT,512,2,1,80,4332.6,8161.2,3828.6,5.6,582.3
case007_d1_C0_DEFAULT_N512_q2_rep2,D1_PUSHSIG_OVERLAP,DUSHMEM,C0_DEFAULT,512,2,2,80,4333.4,8160.0,3824.4,5.6,578.3
case008_d1_C0_DEFAULT_N512_q2_rep3,D1_PUSHSIG_OVERLAP,DUSHMEM,C0_DEFAULT,512,2,3,80,4340.5,8162.9,3820.6,5.6,583.6
case009_d1_C0_DEFAULT_N512_q2_rep4,D1_PUSHSIG_OVERLAP,DUSHMEM,C0_DEFAULT,512,2,4,80,4337.8,8186.6,3853.2,5.6,581.8
case010_d1_C0_DEFAULT_N512_q2_rep5,D1_PUSHSIG_OVERLAP,DUSHMEM,C0_DEFAULT,512,2,5,80,4334.7,8174.8,3838.5,5.4,582.9
case011_d1w_C0_DEFAULT_N512_q2_rep1,D1W_WAITSTREAM_OVERLAP,DUSHMEM,C0_DEFAULT,512,2,1,80,4331.5,8165.0,3838.8,19.7,575.9
case012_d1w_C0_DEFAULT_N512_q2_rep2,D1W_WAITSTREAM_OVERLAP,DUSHMEM,C0_DEFAULT,512,2,2,80,4326.5,8178.8,3855.4,19.5,576.0
case013_d1w_C0_DEFAULT_N512_q2_rep3,D1W_WAITSTREAM_OVERLAP,DUSHMEM,C0_DEFAULT,512,2,3,80,4324.2,8198.8,3877.4,19.0,573.9
case014_d1w_C0_DEFAULT_N512_q2_rep4,D1W_WAITSTREAM_OVERLAP,DUSHMEM,C0_DEFAULT,512,2,4,80,4333.5,8200.2,3867.5,19.0,575.1
case015_d1w_C0_DEFAULT_N512_q2_rep5,D1W_WAITSTREAM_OVERLAP,DUSHMEM,C0_DEFAULT,512,2,5,80,4323.3,8182.4,3858.8,20.2,580.3
case016_ds_C0_DEFAULT_N512_q4_rep1,DS_PUSHSIG_SERIAL,DUSHMEM,C0_DEFAULT,512,4,1,80,2162.2,8679.8,2078.2,5.6,320.1
case017_ds_C0_DEFAULT_N512_q4_rep2,DS_PUSHSIG_SERIAL,DUSHMEM,C0_DEFAULT,512,4,2,80,2161.5,8802.6,2061.9,5.6,320.3
case018_ds_C0_DEFAULT_N512_q4_rep3,DS_PUSHSIG_SERIAL,DUSHMEM,C0_DEFAULT,512,4,3,80,2157.5,8779.1,2085.9,5.6,324.4
case019_ds_C0_DEFAULT_N512_q4_rep4,DS_PUSHSIG_SERIAL,DUSHMEM,C0_DEFAULT,512,4,4,80,2160.8,8889.5,2067.7,5.6,320.1
case020_ds_C0_DEFAULT_N512_q4_rep5,DS_PUSHSIG_SERIAL,DUSHMEM,C0_DEFAULT,512,4,5,80,2152.5,8721.3,2088.7,5.6,321.3
case021_d1_C0_DEFAULT_N512_q4_rep1,D1_PUSHSIG_OVERLAP,DUSHMEM,C0_DEFAULT,512,4,1,80,2157.2,8729.2,2099.4,5.6,321.3
case022_d1_C0_DEFAULT_N512_q4_rep2,D1_PUSHSIG_OVERLAP,DUSHMEM,C0_DEFAULT,512,4,2,80,2172.6,8972.6,2060.5,5.4,323.7
case023_d1_C0_DEFAULT_N512_q4_rep3,D1_PUSHSIG_OVERLAP,DUSHMEM,C0_DEFAULT,512,4,3,80,2158.8,8796.4,2071.9,5.6,319.0
case024_d1_C0_DEFAULT_N512_q4_rep4,D1_PUSHSIG_OVERLAP,DUSHMEM,C0_DEFAULT,512,4,4,80,2144.9,8541.8,2066.8,5.6,322.7
case025_d1_C0_DEFAULT_N512_q4_rep5,D1_PUSHSIG_OVERLAP,DUSHMEM,C0_DEFAULT,512,4,5,80,2164.0,8668.3,2072.7,5.6,320.5
case026_d1w_C0_DEFAULT_N512_q4_rep1,D1W_WAITSTREAM_OVERLAP,DUSHMEM,C0_DEFAULT,512,4,1,80,2159.2,8719.6,2086.1,20.0,319.0
case027_d1w_C0_DEFAULT_N512_q4_rep2,D1W_WAITSTREAM_OVERLAP,DUSHMEM,C0_DEFAULT,512,4,2,80,2131.0,8933.6,2067.9,19.2,318.9
case028_d1w_C0_DEFAULT_N512_q4_rep3,D1W_WAITSTREAM_OVERLAP,DUSHMEM,C0_DEFAULT,512,4,3,80,2151.7,8808.7,2080.0,19.0,318.1
case029_d1w_C0_DEFAULT_N512_q4_rep4,D1W_WAITSTREAM_OVERLAP,DUSHMEM,C0_DEFAULT,512,4,4,80,2151.4,8812.7,2097.1,19.5,320.4
case030_d1w_C0_DEFAULT_N512_q4_rep5,D1W_WAITSTREAM_OVERLAP,DUSHMEM,C0_DEFAULT,512,4,5,80,2153.2,8725.0,2063.2,19.2,321.3
case031_ds_C0_DEFAULT_N512_q8_rep1,DS_PUSHSIG_SERIAL,DUSHMEM,C0_DEFAULT,512,8,1,80,1070.6,17301.8,1180.7,5.6,248.6
case032_ds_C0_DEFAULT_N512_q8_rep2,DS_PUSHSIG_SERIAL,DUSHMEM,C0_DEFAULT,512,8,2,80,1070.3,17234.2,1184.2,5.6,251.2
case033_ds_C0_DEFAULT_N512_q8_rep3,DS_PUSHSIG_SERIAL,DUSHMEM,C0_DEFAULT,512,8,3,80,1070.2,17419.7,1188.0,5.6,249.0
case034_ds_C0_DEFAULT_N512_q8_rep4,DS_PUSHSIG_SERIAL,DUSHMEM,C0_DEFAULT,512,8,4,80,1070.7,17460.7,1183.1,5.6,251.8
case035_ds_C0_DEFAULT_N512_q8_rep5,DS_PUSHSIG_SERIAL,DUSHMEM,C0_DEFAULT,512,8,5,80,1071.8,17502.9,1183.9,5.6,251.3
case036_d1_C0_DEFAULT_N512_q8_rep1,D1_PUSHSIG_OVERLAP,DUSHMEM,C0_DEFAULT,512,8,1,80,1070.3,17192.6,1188.1,5.6,250.9
case037_d1_C0_DEFAULT_N512_q8_rep2,D1_PUSHSIG_OVERLAP,DUSHMEM,C0_DEFAULT,512,8,2,80,1072.0,17383.6,1183.6,5.6,247.7
case038_d1_C0_DEFAULT_N512_q8_rep3,D1_PUSHSIG_OVERLAP,DUSHMEM,C0_DEFAULT,512,8,3,80,1070.7,17322.2,1181.7,5.6,248.1
case039_d1_C0_DEFAULT_N512_q8_rep4,D1_PUSHSIG_OVERLAP,DUSHMEM,C0_DEFAULT,512,8,4,80,1073.8,16911.2,1184.9,5.6,251.2
case040_d1_C0_DEFAULT_N512_q8_rep5,D1_PUSHSIG_OVERLAP,DUSHMEM,C0_DEFAULT,512,8,5,80,1070.9,16786.5,1180.1,5.6,247.5
case041_d1w_C0_DEFAULT_N512_q8_rep1,D1W_WAITSTREAM_OVERLAP,DUSHMEM,C0_DEFAULT,512,8,1,80,1070.9,17473.3,1159.1,20.5,240.3
case042_d1w_C0_DEFAULT_N512_q8_rep2,D1W_WAITSTREAM_OVERLAP,DUSHMEM,C0_DEFAULT,512,8,2,80,1070.6,17394.0,1194.5,20.6,239.8
case043_d1w_C0_DEFAULT_N512_q8_rep3,D1W_WAITSTREAM_OVERLAP,DUSHMEM,C0_DEFAULT,512,8,3,80,1071.7,17500.0,1191.9,20.8,240.8
case044_d1w_C0_DEFAULT_N512_q8_rep4,D1W_WAITSTREAM_OVERLAP,DUSHMEM,C0_DEFAULT,512,8,4,80,1071.7,17760.5,1182.5,21.0,243.3
case045_d1w_C0_DEFAULT_N512_q8_rep5,D1W_WAITSTREAM_OVERLAP,DUSHMEM,C0_DEFAULT,512,8,5,80,1071.1,17379.0,1174.7,20.2,238.0
case046_ds_C0_DEFAULT_N2048_q2_rep1,DS_PUSHSIG_SERIAL,DUSHMEM,C0_DEFAULT,2048,2,1,80,3917.6,8681.9,4763.9,5.5,1491.1
case047_ds_C0_DEFAULT_N2048_q2_rep2,DS_PUSHSIG_SERIAL,DUSHMEM,C0_DEFAULT,2048,2,2,80,3919.2,8683.2,4762.5,5.6,1465.2
case048_ds_C0_DEFAULT_N2048_q2_rep3,DS_PUSHSIG_SERIAL,DUSHMEM,C0_DEFAULT,2048,2,3,80,3917.4,8707.4,4789.2,5.6,1460.9
case049_ds_C0_DEFAULT_N2048_q2_rep4,DS_PUSHSIG_SERIAL,DUSHMEM,C0_DEFAULT,2048,2,4,80,3919.2,8713.3,4792.6,5.6,1484.1
case050_ds_C0_DEFAULT_N2048_q2_rep5,DS_PUSHSIG_SERIAL,DUSHMEM,C0_DEFAULT,2048,2,5,80,3920.1,8703.2,4785.3,5.6,1480.5
case051_d1_C0_DEFAULT_N2048_q2_rep1,D1_PUSHSIG_OVERLAP,DUSHMEM,C0_DEFAULT,2048,2,1,80,3917.6,8704.5,4786.8,5.6,1499.5
case052_d1_C0_DEFAULT_N2048_q2_rep2,D1_PUSHSIG_OVERLAP,DUSHMEM,C0_DEFAULT,2048,2,2,80,3919.0,8704.3,4786.4,5.6,1474.2
case053_d1_C0_DEFAULT_N2048_q2_rep3,D1_PUSHSIG_OVERLAP,DUSHMEM,C0_DEFAULT,2048,2,3,80,3917.9,8697.3,4775.8,5.4,1480.8
case054_d1_C0_DEFAULT_N2048_q2_rep4,D1_PUSHSIG_OVERLAP,DUSHMEM,C0_DEFAULT,2048,2,4,80,3918.3,8698.2,4779.2,5.6,1461.5
case055_d1_C0_DEFAULT_N2048_q2_rep5,D1_PUSHSIG_OVERLAP,DUSHMEM,C0_DEFAULT,2048,2,5,80,3916.5,8682.7,4764.4,5.4,1468.7
case056_d1w_C0_DEFAULT_N2048_q2_rep1,D1W_WAITSTREAM_OVERLAP,DUSHMEM,C0_DEFAULT,2048,2,1,80,3921.9,8681.4,4761.6,19.9,1486.9
case057_d1w_C0_DEFAULT_N2048_q2_rep2,D1W_WAITSTREAM_OVERLAP,DUSHMEM,C0_DEFAULT,2048,2,2,80,3917.0,8701.3,4782.6,19.2,1451.7
case058_d1w_C0_DEFAULT_N2048_q2_rep3,D1W_WAITSTREAM_OVERLAP,DUSHMEM,C0_DEFAULT,2048,2,3,80,3921.5,8686.5,4764.0,19.5,1471.4
case059_d1w_C0_DEFAULT_N2048_q2_rep4,D1W_WAITSTREAM_OVERLAP,DUSHMEM,C0_DEFAULT,2048,2,4,80,3920.7,8722.2,4797.2,19.5,1479.3
case060_d1w_C0_DEFAULT_N2048_q2_rep5,D1W_WAITSTREAM_OVERLAP,DUSHMEM,C0_DEFAULT,2048,2,5,80,3917.1,8698.7,4782.1,19.5,1478.0
case061_ds_C0_DEFAULT_N2048_q4_rep1,DS_PUSHSIG_SERIAL,DUSHMEM,C0_DEFAULT,2048,4,1,80,2032.2,9537.9,2493.4,5.6,772.8
case062_ds_C0_DEFAULT_N2048_q4_rep2,DS_PUSHSIG_SERIAL,DUSHMEM,C0_DEFAULT,2048,4,2,80,2037.4,9478.9,2483.5,5.6,777.0
case063_ds_C0_DEFAULT_N2048_q4_rep3,DS_PUSHSIG_SERIAL,DUSHMEM,C0_DEFAULT,2048,4,3,80,2032.8,9396.7,2452.6,5.4,773.4
case064_ds_C0_DEFAULT_N2048_q4_rep4,DS_PUSHSIG_SERIAL,DUSHMEM,C0_DEFAULT,2048,4,4,80,2034.3,9412.4,2451.8,5.4,774.2
case065_ds_C0_DEFAULT_N2048_q4_rep5,DS_PUSHSIG_SERIAL,DUSHMEM,C0_DEFAULT,2048,4,5,80,2033.0,9502.0,2488.1,5.6,776.2
case066_d1_C0_DEFAULT_N2048_q4_rep1,D1_PUSHSIG_OVERLAP,DUSHMEM,C0_DEFAULT,2048,4,1,80,2034.2,9487.4,2486.0,5.6,775.6
case067_d1_C0_DEFAULT_N2048_q4_rep2,D1_PUSHSIG_OVERLAP,DUSHMEM,C0_DEFAULT,2048,4,2,80,2030.0,9482.7,2484.5,5.6,777.4
case068_d1_C0_DEFAULT_N2048_q4_rep3,D1_PUSHSIG_OVERLAP,DUSHMEM,C0_DEFAULT,2048,4,3,80,2034.6,9425.2,2469.0,5.6,779.5
case069_d1_C0_DEFAULT_N2048_q4_rep4,D1_PUSHSIG_OVERLAP,DUSHMEM,C0_DEFAULT,2048,4,4,80,2032.4,9466.6,2474.0,5.4,772.7
case070_d1_C0_DEFAULT_N2048_q4_rep5,D1_PUSHSIG_OVERLAP,DUSHMEM,C0_DEFAULT,2048,4,5,80,2034.9,9496.7,2482.1,5.6,774.6
case071_d1w_C0_DEFAULT_N2048_q4_rep1,D1W_WAITSTREAM_OVERLAP,DUSHMEM,C0_DEFAULT,2048,4,1,80,2034.3,9474.9,2480.8,18.7,770.1
case072_d1w_C0_DEFAULT_N2048_q4_rep2,D1W_WAITSTREAM_OVERLAP,DUSHMEM,C0_DEFAULT,2048,4,2,80,2036.1,9521.6,2482.6,20.6,774.5
case073_d1w_C0_DEFAULT_N2048_q4_rep3,D1W_WAITSTREAM_OVERLAP,DUSHMEM,C0_DEFAULT,2048,4,3,80,2034.0,9507.6,2489.0,20.3,772.8
case074_d1w_C0_DEFAULT_N2048_q4_rep4,D1W_WAITSTREAM_OVERLAP,DUSHMEM,C0_DEFAULT,2048,4,4,80,2034.1,9507.0,2490.7,19.5,770.5
case075_d1w_C0_DEFAULT_N2048_q4_rep5,D1W_WAITSTREAM_OVERLAP,DUSHMEM,C0_DEFAULT,2048,4,5,80,2033.0,9503.5,2486.3,19.7,765.6
case076_ds_C0_DEFAULT_N2048_q8_rep1,DS_PUSHSIG_SERIAL,DUSHMEM,C0_DEFAULT,2048,8,1,80,1080.2,17871.2,1397.7,5.6,466.9
case077_ds_C0_DEFAULT_N2048_q8_rep2,DS_PUSHSIG_SERIAL,DUSHMEM,C0_DEFAULT,2048,8,2,80,1079.5,17846.9,1385.0,5.6,460.4
case078_ds_C0_DEFAULT_N2048_q8_rep3,DS_PUSHSIG_SERIAL,DUSHMEM,C0_DEFAULT,2048,8,3,80,1080.5,17507.3,1407.5,5.6,462.8
case079_ds_C0_DEFAULT_N2048_q8_rep4,DS_PUSHSIG_SERIAL,DUSHMEM,C0_DEFAULT,2048,8,4,80,1080.1,17336.3,1397.0,5.6,464.6
case080_ds_C0_DEFAULT_N2048_q8_rep5,DS_PUSHSIG_SERIAL,DUSHMEM,C0_DEFAULT,2048,8,5,80,1080.5,17912.3,1405.6,5.5,467.5
case081_d1_C0_DEFAULT_N2048_q8_rep1,D1_PUSHSIG_OVERLAP,DUSHMEM,C0_DEFAULT,2048,8,1,80,1081.2,17624.7,1414.7,5.6,467.8
case082_d1_C0_DEFAULT_N2048_q8_rep2,D1_PUSHSIG_OVERLAP,DUSHMEM,C0_DEFAULT,2048,8,2,80,1081.4,17443.6,1410.2,5.6,466.6
case083_d1_C0_DEFAULT_N2048_q8_rep3,D1_PUSHSIG_OVERLAP,DUSHMEM,C0_DEFAULT,2048,8,3,80,1079.6,18092.3,1409.0,5.6,465.7
case084_d1_C0_DEFAULT_N2048_q8_rep4,D1_PUSHSIG_OVERLAP,DUSHMEM,C0_DEFAULT,2048,8,4,80,1079.5,18087.4,1402.5,5.6,464.5
case085_d1_C0_DEFAULT_N2048_q8_rep5,D1_PUSHSIG_OVERLAP,DUSHMEM,C0_DEFAULT,2048,8,5,80,1079.5,17345.7,1404.2,5.6,466.7
case086_d1w_C0_DEFAULT_N2048_q8_rep1,D1W_WAITSTREAM_OVERLAP,DUSHMEM,C0_DEFAULT,2048,8,1,80,1080.3,18127.2,1419.7,20.5,456.9
case087_d1w_C0_DEFAULT_N2048_q8_rep2,D1W_WAITSTREAM_OVERLAP,DUSHMEM,C0_DEFAULT,2048,8,2,80,1079.0,17802.5,1419.1,20.5,454.2
case088_d1w_C0_DEFAULT_N2048_q8_rep3,D1W_WAITSTREAM_OVERLAP,DUSHMEM,C0_DEFAULT,2048,8,3,80,1079.6,17409.8,1423.3,20.5,455.2
case089_d1w_C0_DEFAULT_N2048_q8_rep4,D1W_WAITSTREAM_OVERLAP,DUSHMEM,C0_DEFAULT,2048,8,4,80,1078.8,16928.9,1412.6,19.5,454.1
case090_d1w_C0_DEFAULT_N2048_q8_rep5,D1W_WAITSTREAM_OVERLAP,DUSHMEM,C0_DEFAULT,2048,8,5,80,1079.8,17171.1,1420.6,20.5,456.5
case091_ds_C0_DEFAULT_N4096_q2_rep1,DS_PUSHSIG_SERIAL,DUSHMEM,C0_DEFAULT,4096,2,1,80,3917.1,10437.1,6519.1,5.6,3429.8
case092_ds_C0_DEFAULT_N4096_q2_rep2,DS_PUSHSIG_SERIAL,DUSHMEM,C0_DEFAULT,4096,2,2,80,3921.1,10488.2,6548.6,5.4,3435.5
case093_ds_C0_DEFAULT_N4096_q2_rep3,DS_PUSHSIG_SERIAL,DUSHMEM,C0_DEFAULT,4096,2,3,80,3920.8,10495.5,6553.2,5.6,3436.3
case094_ds_C0_DEFAULT_N4096_q2_rep4,DS_PUSHSIG_SERIAL,DUSHMEM,C0_DEFAULT,4096,2,4,80,3920.6,10446.0,6517.2,5.6,3422.3
case095_ds_C0_DEFAULT_N4096_q2_rep5,DS_PUSHSIG_SERIAL,DUSHMEM,C0_DEFAULT,4096,2,5,80,3916.2,10452.9,6534.1,5.6,3431.0
case096_d1_C0_DEFAULT_N4096_q2_rep1,D1_PUSHSIG_OVERLAP,DUSHMEM,C0_DEFAULT,4096,2,1,80,3923.8,10509.8,6590.7,5.6,3423.3
case097_d1_C0_DEFAULT_N4096_q2_rep2,D1_PUSHSIG_OVERLAP,DUSHMEM,C0_DEFAULT,4096,2,2,80,3915.6,10511.2,6575.8,5.4,3434.8
case098_d1_C0_DEFAULT_N4096_q2_rep3,D1_PUSHSIG_OVERLAP,DUSHMEM,C0_DEFAULT,4096,2,3,80,3918.3,10474.0,6539.1,5.4,3432.4
case099_d1_C0_DEFAULT_N4096_q2_rep4,D1_PUSHSIG_OVERLAP,DUSHMEM,C0_DEFAULT,4096,2,4,80,3919.5,10490.1,6562.8,5.6,3434.8
case100_d1_C0_DEFAULT_N4096_q2_rep5,D1_PUSHSIG_OVERLAP,DUSHMEM,C0_DEFAULT,4096,2,5,80,3917.9,10503.7,6558.7,5.4,3434.5
case101_d1w_C0_DEFAULT_N4096_q2_rep1,D1W_WAITSTREAM_OVERLAP,DUSHMEM,C0_DEFAULT,4096,2,1,80,3920.4,10491.0,6569.5,19.7,3425.6
case102_d1w_C0_DEFAULT_N4096_q2_rep2,D1W_WAITSTREAM_OVERLAP,DUSHMEM,C0_DEFAULT,4096,2,2,80,3920.6,10473.1,6554.2,19.4,3427.6
case103_d1w_C0_DEFAULT_N4096_q2_rep3,D1W_WAITSTREAM_OVERLAP,DUSHMEM,C0_DEFAULT,4096,2,3,80,3918.4,10523.6,6581.6,19.4,3416.8
case104_d1w_C0_DEFAULT_N4096_q2_rep4,D1W_WAITSTREAM_OVERLAP,DUSHMEM,C0_DEFAULT,4096,2,4,80,3918.9,10526.9,6600.3,19.2,3432.0
case105_d1w_C0_DEFAULT_N4096_q2_rep5,D1W_WAITSTREAM_OVERLAP,DUSHMEM,C0_DEFAULT,4096,2,5,80,3919.6,10522.8,6577.1,19.4,3433.2
case106_ds_C0_DEFAULT_N4096_q4_rep1,DS_PUSHSIG_SERIAL,DUSHMEM,C0_DEFAULT,4096,4,1,80,2033.9,11447.5,3136.7,5.6,1399.7
case107_ds_C0_DEFAULT_N4096_q4_rep2,DS_PUSHSIG_SERIAL,DUSHMEM,C0_DEFAULT,4096,4,2,80,2034.6,11440.6,3138.6,5.6,1400.4
case108_ds_C0_DEFAULT_N4096_q4_rep3,DS_PUSHSIG_SERIAL,DUSHMEM,C0_DEFAULT,4096,4,3,80,2034.8,11443.0,3134.1,5.4,1398.4
case109_ds_C0_DEFAULT_N4096_q4_rep4,DS_PUSHSIG_SERIAL,DUSHMEM,C0_DEFAULT,4096,4,4,80,2031.5,11328.2,3098.1,5.6,1399.1
case110_ds_C0_DEFAULT_N4096_q4_rep5,DS_PUSHSIG_SERIAL,DUSHMEM,C0_DEFAULT,4096,4,5,80,2033.1,11447.8,3137.4,5.4,1397.5
case111_d1_C0_DEFAULT_N4096_q4_rep1,D1_PUSHSIG_OVERLAP,DUSHMEM,C0_DEFAULT,4096,4,1,80,2036.3,11447.9,3136.9,5.6,1401.3
case112_d1_C0_DEFAULT_N4096_q4_rep2,D1_PUSHSIG_OVERLAP,DUSHMEM,C0_DEFAULT,4096,4,2,80,2032.9,11331.4,3098.5,5.6,1398.3
case113_d1_C0_DEFAULT_N4096_q4_rep3,D1_PUSHSIG_OVERLAP,DUSHMEM,C0_DEFAULT,4096,4,3,80,2034.0,11411.6,3129.0,5.4,1400.6
case114_d1_C0_DEFAULT_N4096_q4_rep4,D1_PUSHSIG_OVERLAP,DUSHMEM,C0_DEFAULT,4096,4,4,80,2033.9,11452.3,3137.1,5.4,1400.7
case115_d1_C0_DEFAULT_N4096_q4_rep5,D1_PUSHSIG_OVERLAP,DUSHMEM,C0_DEFAULT,4096,4,5,80,2034.8,11434.7,3137.0,5.6,1399.0
case116_d1w_C0_DEFAULT_N4096_q4_rep1,D1W_WAITSTREAM_OVERLAP,DUSHMEM,C0_DEFAULT,4096,4,1,80,2033.3,11470.8,3147.2,19.8,1395.4
case117_d1w_C0_DEFAULT_N4096_q4_rep2,D1W_WAITSTREAM_OVERLAP,DUSHMEM,C0_DEFAULT,4096,4,2,80,2033.7,11477.6,3145.9,19.3,1392.1
case118_d1w_C0_DEFAULT_N4096_q4_rep3,D1W_WAITSTREAM_OVERLAP,DUSHMEM,C0_DEFAULT,4096,4,3,80,2030.8,11458.9,3144.1,19.0,1392.2
case119_d1w_C0_DEFAULT_N4096_q4_rep4,D1W_WAITSTREAM_OVERLAP,DUSHMEM,C0_DEFAULT,4096,4,4,80,2034.0,11485.7,3151.9,19.4,1393.4
case120_d1w_C0_DEFAULT_N4096_q4_rep5,D1W_WAITSTREAM_OVERLAP,DUSHMEM,C0_DEFAULT,4096,4,5,80,2030.9,11469.5,3143.1,19.2,1394.0
case121_ds_C0_DEFAULT_N4096_q8_rep1,DS_PUSHSIG_SERIAL,DUSHMEM,C0_DEFAULT,4096,8,1,80,1078.7,13524.5,1737.7,5.6,833.4
case122_ds_C0_DEFAULT_N4096_q8_rep2,DS_PUSHSIG_SERIAL,DUSHMEM,C0_DEFAULT,4096,8,2,80,1079.6,13596.2,1775.1,5.6,836.6
case123_ds_C0_DEFAULT_N4096_q8_rep3,DS_PUSHSIG_SERIAL,DUSHMEM,C0_DEFAULT,4096,8,3,80,1077.2,13270.3,1716.1,5.6,835.1
case124_ds_C0_DEFAULT_N4096_q8_rep4,DS_PUSHSIG_SERIAL,DUSHMEM,C0_DEFAULT,4096,8,4,80,1080.3,13533.7,1768.1,5.6,837.5
case125_ds_C0_DEFAULT_N4096_q8_rep5,DS_PUSHSIG_SERIAL,DUSHMEM,C0_DEFAULT,4096,8,5,80,1078.0,13413.1,1712.5,5.6,834.0
case126_d1_C0_DEFAULT_N4096_q8_rep1,D1_PUSHSIG_OVERLAP,DUSHMEM,C0_DEFAULT,4096,8,1,80,1080.3,13648.8,1766.2,5.6,838.4
case127_d1_C0_DEFAULT_N4096_q8_rep2,D1_PUSHSIG_OVERLAP,DUSHMEM,C0_DEFAULT,4096,8,2,80,1080.3,13599.4,1769.5,5.6,837.5
case128_d1_C0_DEFAULT_N4096_q8_rep3,D1_PUSHSIG_OVERLAP,DUSHMEM,C0_DEFAULT,4096,8,3,80,1080.4,13531.9,1757.9,5.6,834.3
case129_d1_C0_DEFAULT_N4096_q8_rep4,D1_PUSHSIG_OVERLAP,DUSHMEM,C0_DEFAULT,4096,8,4,80,1078.7,13268.6,1723.6,5.6,837.7
case130_d1_C0_DEFAULT_N4096_q8_rep5,D1_PUSHSIG_OVERLAP,DUSHMEM,C0_DEFAULT,4096,8,5,80,1081.0,13564.4,1771.2,5.6,836.6
case131_d1w_C0_DEFAULT_N4096_q8_rep1,D1W_WAITSTREAM_OVERLAP,DUSHMEM,C0_DEFAULT,4096,8,1,80,1080.3,13658.5,1776.8,20.3,827.0
case132_d1w_C0_DEFAULT_N4096_q8_rep2,D1W_WAITSTREAM_OVERLAP,DUSHMEM,C0_DEFAULT,4096,8,2,80,1080.1,13633.1,1781.5,20.5,825.1
case133_d1w_C0_DEFAULT_N4096_q8_rep3,D1W_WAITSTREAM_OVERLAP,DUSHMEM,C0_DEFAULT,4096,8,3,80,1079.4,13554.5,1765.9,20.5,827.3
case134_d1w_C0_DEFAULT_N4096_q8_rep4,D1W_WAITSTREAM_OVERLAP,DUSHMEM,C0_DEFAULT,4096,8,4,80,1078.8,13471.6,1746.5,20.2,824.8
case135_d1w_C0_DEFAULT_N4096_q8_rep5,D1W_WAITSTREAM_OVERLAP,DUSHMEM,C0_DEFAULT,4096,8,5,80,1080.5,13645.2,1770.2,20.2,824.8
case136_ds_C0_DEFAULT_N2048_q16_rep1,DS_PUSHSIG_SERIAL,DUSHMEM,C0_DEFAULT,2048,16,1,80,601.2,23042.4,740.0,5.4,236.3
case137_ds_C0_DEFAULT_N2048_q16_rep2,DS_PUSHSIG_SERIAL,DUSHMEM,C0_DEFAULT,2048,16,2,80,603.2,23730.2,735.6,5.6,241.3
case138_ds_C0_DEFAULT_N2048_q16_rep3,DS_PUSHSIG_SERIAL,DUSHMEM,C0_DEFAULT,2048,16,3,80,605.5,22998.1,717.1,5.4,244.9
case139_ds_C0_DEFAULT_N2048_q16_rep4,DS_PUSHSIG_SERIAL,DUSHMEM,C0_DEFAULT,2048,16,4,80,600.2,22216.4,684.8,5.4,240.2
case140_ds_C0_DEFAULT_N2048_q16_rep5,DS_PUSHSIG_SERIAL,DUSHMEM,C0_DEFAULT,2048,16,5,80,601.7,24257.2,740.3,5.4,237.9
case141_d1_C0_DEFAULT_N2048_q16_rep1,D1_PUSHSIG_OVERLAP,DUSHMEM,C0_DEFAULT,2048,16,1,80,790.4,22897.1,732.1,5.6,236.6
case142_d1_C0_DEFAULT_N2048_q16_rep2,D1_PUSHSIG_OVERLAP,DUSHMEM,C0_DEFAULT,2048,16,2,80,2456.3,21679.7,706.3,5.4,239.0
case143_d1_C0_DEFAULT_N2048_q16_rep3,D1_PUSHSIG_OVERLAP,DUSHMEM,C0_DEFAULT,2048,16,3,80,606.4,22838.4,740.9,5.4,246.2
case144_d1_C0_DEFAULT_N2048_q16_rep4,D1_PUSHSIG_OVERLAP,DUSHMEM,C0_DEFAULT,2048,16,4,80,603.9,21823.5,717.8,5.6,241.4
case145_d1_C0_DEFAULT_N2048_q16_rep5,D1_PUSHSIG_OVERLAP,DUSHMEM,C0_DEFAULT,2048,16,5,80,656.6,22250.8,715.6,5.6,244.4
case146_d1w_C0_DEFAULT_N2048_q16_rep1,D1W_WAITSTREAM_OVERLAP,DUSHMEM,C0_DEFAULT,2048,16,1,80,604.3,24253.9,729.7,20.0,233.7
case147_d1w_C0_DEFAULT_N2048_q16_rep2,D1W_WAITSTREAM_OVERLAP,DUSHMEM,C0_DEFAULT,2048,16,2,80,632.4,23593.9,726.5,20.2,232.0
case148_d1w_C0_DEFAULT_N2048_q16_rep3,D1W_WAITSTREAM_OVERLAP,DUSHMEM,C0_DEFAULT,2048,16,3,80,610.6,21470.8,720.8,19.8,232.2
case149_d1w_C0_DEFAULT_N2048_q16_rep4,D1W_WAITSTREAM_OVERLAP,DUSHMEM,C0_DEFAULT,2048,16,4,80,632.0,23167.9,718.4,20.2,233.1
case150_d1w_C0_DEFAULT_N2048_q16_rep5,D1W_WAITSTREAM_OVERLAP,DUSHMEM,C0_DEFAULT,2048,16,5,80,605.8,22187.2,715.4,19.5,231.5
case151_comm_C0_DEFAULT_N4096_q16_rep1,COMM_ONLY,RCCL,C0_DEFAULT,4096,16,1,80,320.8,4560.9,282.8,-2576.0,0.0
case152_comm_C0_DEFAULT_N4096_q16_rep2,COMM_ONLY,RCCL,C0_DEFAULT,4096,16,2,80,308.5,4557.3,283.0,-2449.2,0.0
case153_comm_C0_DEFAULT_N4096_q16_rep3,COMM_ONLY,RCCL,C0_DEFAULT,4096,16,3,80,308.9,4555.3,282.9,-2506.5,0.0
case154_comm_C0_DEFAULT_N4096_q16_rep4,COMM_ONLY,RCCL,C0_DEFAULT,4096,16,4,80,317.2,4555.3,282.5,-2569.5,0.0
case155_comm_C0_DEFAULT_N4096_q16_rep5,COMM_ONLY,RCCL,C0_DEFAULT,4096,16,5,80,318.5,4557.3,282.5,-2569.2,0.0
case156_comm_C2_RING_SIMPLE_CH8_N4096_q16_rep1,COMM_ONLY,RCCL,C2_RING_SIMPLE_CH8,4096,16,1,80,300.5,4518.0,280.8,-2543.2,0.0
case157_comm_C2_RING_SIMPLE_CH8_N4096_q16_rep2,COMM_ONLY,RCCL,C2_RING_SIMPLE_CH8,4096,16,2,80,310.4,4517.8,280.5,-2545.3,0.0
case158_comm_C2_RING_SIMPLE_CH8_N4096_q16_rep3,COMM_ONLY,RCCL,C2_RING_SIMPLE_CH8,4096,16,3,80,310.9,4520.9,280.6,-2418.2,0.0
case159_comm_C2_RING_SIMPLE_CH8_N4096_q16_rep4,COMM_ONLY,RCCL,C2_RING_SIMPLE_CH8,4096,16,4,80,307.6,4514.1,280.5,-2546.2,0.0
case160_comm_C2_RING_SIMPLE_CH8_N4096_q16_rep5,COMM_ONLY,RCCL,C2_RING_SIMPLE_CH8,4096,16,5,80,310.0,4517.8,280.5,-2546.7,0.0
case161_r1_C0_DEFAULT_N4096_q16_rep1,R1_EVENT_OVERLAP,RCCL,C0_DEFAULT,4096,16,1,80,331.8,5852.2,330.5,1846.9,536.6
case162_r1_C0_DEFAULT_N4096_q16_rep2,R1_EVENT_OVERLAP,RCCL,C0_DEFAULT,4096,16,2,80,333.6,5831.7,331.0,1778.8,534.9
case163_r1_C0_DEFAULT_N4096_q16_rep3,R1_EVENT_OVERLAP,RCCL,C0_DEFAULT,4096,16,3,80,335.2,5850.2,331.0,1798.8,537.5
case164_r1_C0_DEFAULT_N4096_q16_rep4,R1_EVENT_OVERLAP,RCCL,C0_DEFAULT,4096,16,4,80,331.4,5863.2,331.2,1815.7,540.2
case165_r1_C0_DEFAULT_N4096_q16_rep5,R1_EVENT_OVERLAP,RCCL,C0_DEFAULT,4096,16,5,80,336.0,5849.1,330.4,1798.9,532.4
case166_r1_C2_RING_SIMPLE_CH8_N4096_q16_rep1,R1_EVENT_OVERLAP,RCCL,C2_RING_SIMPLE_CH8,4096,16,1,80,327.3,5012.8,312.1,2301.2,489.1
case167_r1_C2_RING_SIMPLE_CH8_N4096_q16_rep2,R1_EVENT_OVERLAP,RCCL,C2_RING_SIMPLE_CH8,4096,16,2,80,329.0,5013.8,311.3,2303.2,484.8
case168_r1_C2_RING_SIMPLE_CH8_N4096_q16_rep3,R1_EVENT_OVERLAP,RCCL,C2_RING_SIMPLE_CH8,4096,16,3,80,330.5,5020.4,313.2,2299.6,489.2
case169_r1_C2_RING_SIMPLE_CH8_N4096_q16_rep4,R1_EVENT_OVERLAP,RCCL,C2_RING_SIMPLE_CH8,4096,16,4,80,327.3,5012.0,311.7,2313.9,485.8
case170_r1_C2_RING_SIMPLE_CH8_N4096_q16_rep5,R1_EVENT_OVERLAP,RCCL,C2_RING_SIMPLE_CH8,4096,16,5,80,326.8,5015.2,311.5,2304.1,488.4
