path,candidate,M,N,K,q,sample_count,pass_count,fail_count,e2e_mean_us,e2e_p50_us,e2e_p05_us,e2e_p95_us,e2e_std_us,e2e_cv_percent,t_done_mean_us,release_first_mean_us,release_last_mean_us,gemm_interval_mean_us,gemm_tflops_mean,notes
B0_FULL_SERIAL,C0_DEFAULT,128,128,128,1,5,5,0,148.919600,146.232000,141.432000,163.991000,11.086690,7.444749,96.666600,90.458800,90.458800,39.198000,0.223600,raw global samples aggregated; synthetic Phase-1 shapes only
B0_FULL_SERIAL,C0_DEFAULT,128,128,128,2,5,5,0,133.944600,129.433000,120.153000,150.712000,14.367617,10.726537,90.619000,84.603200,84.603200,30.078400,0.317800,raw global samples aggregated; synthetic Phase-1 shapes only
B0_FULL_SERIAL,C0_DEFAULT,2048,128,2048,1,150,150,0,4373.936813,4328.038500,4301.652500,4366.011450,306.999869,7.018846,4057.293933,4051.233420,4051.233420,305.188847,14.086360,raw global samples aggregated; synthetic Phase-1 shapes only
B0_FULL_SERIAL,C0_DEFAULT,2048,2048,2048,1,150,150,0,6171.353127,6139.980500,6110.428000,6179.353950,261.933072,4.244338,4045.107667,4038.935193,4038.935193,2122.272760,32.380853,raw global samples aggregated; synthetic Phase-1 shapes only
B0_FULL_SERIAL,C0_DEFAULT,2048,512,2048,1,150,150,0,4856.968540,4821.969500,4794.203000,4865.103950,271.753808,5.595132,4049.397087,4043.274127,4043.274127,797.701780,21.544233,raw global samples aggregated; synthetic Phase-1 shapes only
B1_SLICE_SERIAL,C0_DEFAULT,128,128,128,1,5,5,0,151.223600,147.512000,138.424000,168.375000,13.993039,9.253211,146.936000,86.363200,86.363200,40.125800,0.220000,raw global samples aggregated; synthetic Phase-1 shapes only
B1_SLICE_SERIAL,C0_DEFAULT,128,128,128,2,5,5,0,298.692400,284.606000,278.331200,332.147200,26.027414,8.713785,292.609600,82.949000,235.400400,188.179600,0.044600,raw global samples aggregated; synthetic Phase-1 shapes only
B1_SLICE_SERIAL,C0_DEFAULT,2048,128,2048,1,150,150,0,4376.847213,4343.036000,4311.853450,4391.337550,269.268598,6.152113,4049.000273,4042.801100,4042.801100,323.128153,13.304680,raw global samples aggregated; synthetic Phase-1 shapes only
B1_SLICE_SERIAL,C0_DEFAULT,2048,128,2048,2,150,150,0,4397.387993,4376.954000,4360.163000,4407.792450,186.148475,4.233160,4249.035873,2057.472493,4242.783387,2328.284020,1.844740,raw global samples aggregated; synthetic Phase-1 shapes only
B1_SLICE_SERIAL,C0_DEFAULT,2048,128,2048,4,150,150,0,4771.320333,4740.853500,4728.375000,4759.428550,251.899290,5.279446,4626.480447,1045.512373,4620.119173,3717.244080,1.158807,raw global samples aggregated; synthetic Phase-1 shapes only
B1_SLICE_SERIAL,C0_DEFAULT,2048,128,2048,8,150,150,0,5117.408380,5074.359500,5063.707000,5089.362550,299.471631,5.852017,5028.453460,555.229220,5022.061200,4555.396587,0.945607,raw global samples aggregated; synthetic Phase-1 shapes only
B1_SLICE_SERIAL,C0_DEFAULT,2048,2048,2048,1,150,150,0,6424.207787,6379.968000,6346.392500,6413.007000,316.803679,4.931405,4032.162247,4025.855733,4025.855393,2395.982060,28.856013,raw global samples aggregated; synthetic Phase-1 shapes only
B1_SLICE_SERIAL,C0_DEFAULT,2048,2048,2048,2,150,150,0,6459.331207,6415.320000,6391.769000,6442.461450,303.728621,4.702168,5278.829987,2068.327547,5272.574340,4395.561600,15.666007,raw global samples aggregated; synthetic Phase-1 shapes only
B1_SLICE_SERIAL,C0_DEFAULT,2048,2048,2048,4,150,150,0,6754.355993,6716.901000,6704.696100,6745.584300,270.278581,4.001545,6116.133953,1066.887527,6109.852713,5692.911180,12.090280,raw global samples aggregated; synthetic Phase-1 shapes only
B1_SLICE_SERIAL,C0_DEFAULT,2048,2048,2048,8,150,150,0,7825.146820,7792.521500,7781.384450,7816.640650,259.928058,3.321702,7399.045580,577.762647,7392.755873,7239.311180,9.497333,raw global samples aggregated; synthetic Phase-1 shapes only
B1_SLICE_SERIAL,C0_DEFAULT,2048,512,2048,1,150,150,0,4910.933053,4875.726000,4846.183550,4924.035000,268.660261,5.470656,4047.096693,4040.863440,4040.863440,860.698587,19.967467,raw global samples aggregated; synthetic Phase-1 shapes only
B1_SLICE_SERIAL,C0_DEFAULT,2048,512,2048,2,150,150,0,4846.306960,4828.609000,4809.954000,4860.478450,202.202054,4.172292,4472.626653,2037.096200,4466.375280,2796.231400,6.160873,raw global samples aggregated; synthetic Phase-1 shapes only
B1_SLICE_SERIAL,C0_DEFAULT,2048,512,2048,4,150,150,0,4970.038533,4952.920500,4942.906550,4965.193000,207.661685,4.178271,4772.548880,1043.760973,4766.222813,3914.094893,4.396760,raw global samples aggregated; synthetic Phase-1 shapes only
B1_SLICE_SERIAL,C0_DEFAULT,2048,512,2048,8,150,150,0,6073.642027,6011.582000,5993.568100,6118.175550,328.153916,5.402918,5865.770693,565.680680,5859.412873,5497.781813,3.130587,raw global samples aggregated; synthetic Phase-1 shapes only
B1_SLICE_SERIAL,C1_RING_SIMPLE_CH4,2048,128,2048,1,150,150,0,4363.492280,4344.955500,4307.725550,4393.345000,204.768168,4.692759,4033.738727,4027.509640,4027.509640,324.934313,13.241167,raw global samples aggregated; synthetic Phase-1 shapes only
B1_SLICE_SERIAL,C1_RING_SIMPLE_CH4,2048,128,2048,2,150,150,0,4376.283753,4372.233500,4352.059000,4395.293600,44.304856,1.012385,4227.832027,2038.612013,4221.645487,2325.329413,1.847100,raw global samples aggregated; synthetic Phase-1 shapes only
B1_SLICE_SERIAL,C1_RING_SIMPLE_CH4,2048,128,2048,4,150,150,0,4815.016447,4738.614000,4726.366550,4755.525100,411.348291,8.543030,4669.369280,1058.405773,4662.975013,3748.662980,1.152887,raw global samples aggregated; synthetic Phase-1 shapes only
B1_SLICE_SERIAL,C1_RING_SIMPLE_CH4,2048,128,2048,8,150,150,0,5102.786327,5076.275000,5063.432150,5092.566400,213.276094,4.179601,5003.183347,555.192473,4996.802153,4540.856100,0.947360,raw global samples aggregated; synthetic Phase-1 shapes only
B1_SLICE_SERIAL,C1_RING_SIMPLE_CH4,2048,2048,2048,1,150,150,0,6415.984660,6384.447500,6355.358050,6433.975950,249.168068,3.883551,4038.478280,4032.204313,4032.204313,2380.197033,28.963680,raw global samples aggregated; synthetic Phase-1 shapes only
B1_SLICE_SERIAL,C1_RING_SIMPLE_CH4,2048,2048,2048,2,150,150,0,6470.291147,6420.986000,6397.950350,6459.589450,321.178151,4.963890,5303.603533,2060.603033,5297.334500,4401.775873,15.648233,raw global samples aggregated; synthetic Phase-1 shapes only
B1_SLICE_SERIAL,C1_RING_SIMPLE_CH4,2048,2048,2048,4,150,150,0,6756.806287,6722.022500,6706.023000,6755.236000,263.147327,3.894552,6118.387827,1065.342507,6112.043027,5680.632140,12.107407,raw global samples aggregated; synthetic Phase-1 shapes only
B1_SLICE_SERIAL,C1_RING_SIMPLE_CH4,2048,2048,2048,8,150,150,0,7868.939187,7793.563500,7781.466000,7827.151550,399.450099,5.076289,7442.717793,562.181613,7436.369420,7299.060200,9.436647,raw global samples aggregated; synthetic Phase-1 shapes only
B1_SLICE_SERIAL,C1_RING_SIMPLE_CH4,2048,512,2048,1,150,150,0,5032.453627,4906.524000,4852.318450,5193.248950,374.941968,7.450480,4153.711227,4147.445887,4147.446680,875.165060,19.892793,raw global samples aggregated; synthetic Phase-1 shapes only
B1_SLICE_SERIAL,C1_RING_SIMPLE_CH4,2048,512,2048,2,150,150,0,4841.229853,4823.961000,4809.170000,4849.949350,170.945405,3.531033,4467.283793,2035.768093,4461.058120,2792.210113,6.166087,raw global samples aggregated; synthetic Phase-1 shapes only
B1_SLICE_SERIAL,C1_RING_SIMPLE_CH4,2048,512,2048,4,150,150,0,4985.750533,4953.091000,4942.698300,4969.778000,265.296577,5.321096,4788.256340,1062.216867,4781.975853,3914.142287,4.395700,raw global samples aggregated; synthetic Phase-1 shapes only
B1_SLICE_SERIAL,C1_RING_SIMPLE_CH4,2048,512,2048,8,150,150,0,6071.680373,6017.987000,5992.895000,6100.769000,297.933788,4.906941,5864.924867,566.562333,5858.562587,5494.376447,3.131473,raw global samples aggregated; synthetic Phase-1 shapes only
B1_SLICE_SERIAL,C2_RING_SIMPLE_CH8,2048,128,2048,1,150,150,0,4325.922833,4276.748500,4252.634000,4335.125300,319.059650,7.375528,3996.088947,3989.865400,3989.865400,325.005600,13.235167,raw global samples aggregated; synthetic Phase-1 shapes only
B1_SLICE_SERIAL,C2_RING_SIMPLE_CH8,2048,128,2048,2,150,150,0,4314.462707,4298.968500,4282.463000,4320.884150,175.968363,4.078570,4166.471587,2014.227053,4160.163200,2289.499673,1.876100,raw global samples aggregated; synthetic Phase-1 shapes only
B1_SLICE_SERIAL,C2_RING_SIMPLE_CH8,2048,128,2048,4,150,150,0,4720.725773,4685.257000,4669.408450,4709.303450,271.244838,5.745829,4575.510433,1049.580480,4569.102240,3662.513587,1.174713,raw global samples aggregated; synthetic Phase-1 shapes only
B1_SLICE_SERIAL,C2_RING_SIMPLE_CH8,2048,128,2048,8,150,150,0,5099.222927,5039.797000,5030.509000,5068.828000,344.588003,6.757657,5010.403460,569.694867,5003.987807,4527.889873,0.951533,raw global samples aggregated; synthetic Phase-1 shapes only
B1_SLICE_SERIAL,C2_RING_SIMPLE_CH8,2048,2048,2048,1,150,150,0,6354.677860,6314.930000,6291.587600,6386.945550,278.223757,4.378251,3962.253433,3955.894273,3955.894280,2399.314220,28.833967,raw global samples aggregated; synthetic Phase-1 shapes only
B1_SLICE_SERIAL,C2_RING_SIMPLE_CH8,2048,2048,2048,2,150,150,0,6376.005673,6338.843000,6320.036450,6367.874550,280.393838,4.397641,5209.024620,2035.938913,5202.653807,4345.933347,15.831160,raw global samples aggregated; synthetic Phase-1 shapes only
B1_SLICE_SERIAL,C2_RING_SIMPLE_CH8,2048,2048,2048,4,150,150,0,6700.921060,6660.965000,6651.466450,6689.839700,269.277391,4.018513,6062.601093,1045.847480,6056.255487,5646.962073,12.186280,raw global samples aggregated; synthetic Phase-1 shapes only
B1_SLICE_SERIAL,C2_RING_SIMPLE_CH8,2048,2048,2048,8,150,150,0,7772.475527,7752.755500,7742.537300,7773.371450,187.070487,2.406833,7345.288353,557.740753,7338.889973,7207.324873,9.539560,raw global samples aggregated; synthetic Phase-1 shapes only
B1_SLICE_SERIAL,C2_RING_SIMPLE_CH8,2048,512,2048,1,150,150,0,4830.807333,4813.332000,4785.867450,4865.345050,183.546873,3.799507,3966.732940,3960.474173,3960.474173,859.497000,19.994453,raw global samples aggregated; synthetic Phase-1 shapes only
B1_SLICE_SERIAL,C2_RING_SIMPLE_CH8,2048,512,2048,2,150,150,0,4800.877213,4756.373500,4740.778100,4777.317850,313.260494,6.525068,4427.048567,2032.124853,4420.712493,2757.357567,6.244553,raw global samples aggregated; synthetic Phase-1 shapes only
B1_SLICE_SERIAL,C2_RING_SIMPLE_CH8,2048,512,2048,4,150,150,0,4967.414867,4901.005000,4889.132550,4982.264000,371.171366,7.472123,4756.155180,1050.041187,4749.808940,3906.385700,4.415567,raw global samples aggregated; synthetic Phase-1 shapes only
B1_SLICE_SERIAL,C2_RING_SIMPLE_CH8,2048,512,2048,8,150,150,0,6033.495560,5992.383000,5955.721550,6097.546000,251.585956,4.169821,5825.657467,548.778813,5819.285580,5474.640260,3.142920,raw global samples aggregated; synthetic Phase-1 shapes only
COMM_ONLY,C0_DEFAULT,128,128,128,1,5,5,0,94.299000,89.275000,82.907800,114.394200,14.760458,15.652826,88.859200,83.291600,83.291600,0.000000,0.000000,raw global samples aggregated; synthetic Phase-1 shapes only
COMM_ONLY,C0_DEFAULT,128,128,128,2,5,5,0,128.728600,127.352000,123.385000,135.768200,5.674189,4.407869,123.161000,80.635000,117.625200,0.000000,0.000000,raw global samples aggregated; synthetic Phase-1 shapes only
COMM_ONLY,C0_DEFAULT,2048,128,2048,1,50,50,0,3954.195520,3911.060500,3888.573550,3924.539000,324.043345,8.194925,3948.682300,3943.146640,3943.146640,0.000000,0.000000,raw global samples aggregated; synthetic Phase-1 shapes only
COMM_ONLY,C0_DEFAULT,2048,128,2048,2,50,50,0,3961.704320,3961.297000,3954.698000,3970.529000,5.024678,0.126831,3956.171800,1978.365840,3950.687280,0.000000,0.000000,raw global samples aggregated; synthetic Phase-1 shapes only
COMM_ONLY,C0_DEFAULT,2048,128,2048,4,50,50,0,4031.537180,4030.333500,4026.406000,4041.557000,5.154499,0.127854,4026.033460,1009.124220,4020.539460,0.000000,0.000000,raw global samples aggregated; synthetic Phase-1 shapes only
COMM_ONLY,C0_DEFAULT,2048,128,2048,8,50,50,0,4240.376740,4196.324500,4190.060900,4205.652000,312.067010,7.359417,4234.872960,527.941660,4229.388460,0.000000,0.000000,raw global samples aggregated; synthetic Phase-1 shapes only
COMM_ONLY,C0_DEFAULT,2048,2048,2048,1,50,50,0,3915.855000,3918.264000,3893.360700,3936.382300,13.052177,0.333316,3910.341680,3904.850720,3904.850720,0.000000,0.000000,raw global samples aggregated; synthetic Phase-1 shapes only
COMM_ONLY,C0_DEFAULT,2048,2048,2048,2,50,50,0,4013.029300,3968.016500,3960.156600,3980.944550,310.220322,7.730328,4007.538360,1984.672860,4002.050700,0.000000,0.000000,raw global samples aggregated; synthetic Phase-1 shapes only
COMM_ONLY,C0_DEFAULT,2048,2048,2048,4,50,50,0,4087.101820,4041.133500,4035.030000,4059.460000,311.150495,7.612986,4081.604600,1017.779900,4076.107320,0.000000,0.000000,raw global samples aggregated; synthetic Phase-1 shapes only
COMM_ONLY,C0_DEFAULT,2048,2048,2048,8,50,50,0,4261.729220,4212.883000,4207.358600,4229.147000,336.711854,7.900827,4256.219180,538.728180,4250.728220,0.000000,0.000000,raw global samples aggregated; synthetic Phase-1 shapes only
COMM_ONLY,C0_DEFAULT,2048,512,2048,1,50,50,0,3919.647100,3911.140500,3900.232750,3957.908600,37.645859,0.960440,3914.143340,3908.620460,3908.620460,0.000000,0.000000,raw global samples aggregated; synthetic Phase-1 shapes only
COMM_ONLY,C0_DEFAULT,2048,512,2048,2,50,50,0,3963.470740,3962.337500,3955.033550,3975.616450,6.118766,0.154379,3957.992520,1980.103600,3952.511220,0.000000,0.000000,raw global samples aggregated; synthetic Phase-1 shapes only
COMM_ONLY,C0_DEFAULT,2048,512,2048,4,50,50,0,4037.012840,4035.053500,4030.640700,4049.981000,7.688253,0.190444,4031.502780,1012.529280,4025.995860,0.000000,0.000000,raw global samples aggregated; synthetic Phase-1 shapes only
COMM_ONLY,C0_DEFAULT,2048,512,2048,8,50,50,0,4204.702360,4202.004000,4196.604000,4220.587000,10.376883,0.246792,4199.201800,532.616940,4193.691640,0.000000,0.000000,raw global samples aggregated; synthetic Phase-1 shapes only
COMM_ONLY,C0_DEFAULT,512,256,1024,1,10,10,0,574.071100,572.135000,566.111550,585.191000,6.944022,1.209610,568.631200,563.175600,563.175600,0.000000,0.000000,raw global samples aggregated; synthetic Phase-1 shapes only
COMM_ONLY,C1_RING_SIMPLE_CH4,2048,128,2048,1,50,50,0,3910.738600,3911.380500,3887.382000,3934.331450,14.866196,0.380138,3905.218760,3899.727860,3899.727860,0.000000,0.000000,raw global samples aggregated; synthetic Phase-1 shapes only
COMM_ONLY,C1_RING_SIMPLE_CH4,2048,128,2048,2,50,50,0,3957.921920,3957.777500,3948.938000,3966.345000,5.433529,0.137282,3952.414940,1975.159780,3946.946400,0.000000,0.000000,raw global samples aggregated; synthetic Phase-1 shapes only
COMM_ONLY,C1_RING_SIMPLE_CH4,2048,128,2048,4,50,50,0,4034.589180,4031.853500,4026.653450,4053.244000,7.797375,0.193263,4029.117440,1011.408700,4023.636100,0.000000,0.000000,raw global samples aggregated; synthetic Phase-1 shapes only
COMM_ONLY,C1_RING_SIMPLE_CH4,2048,128,2048,8,50,50,0,4206.701280,4206.084000,4197.116000,4220.043450,6.851173,0.162863,4201.210380,538.225800,4195.738720,0.000000,0.000000,raw global samples aggregated; synthetic Phase-1 shapes only
COMM_ONLY,C1_RING_SIMPLE_CH4,2048,2048,2048,1,50,50,0,3915.755440,3916.500000,3894.686000,3939.787000,15.297357,0.390662,3910.242280,3904.745120,3904.745120,0.000000,0.000000,raw global samples aggregated; synthetic Phase-1 shapes only
COMM_ONLY,C1_RING_SIMPLE_CH4,2048,2048,2048,2,50,50,0,4054.540500,3966.657000,3961.753550,3989.927450,426.694462,10.523867,4049.036860,2027.195360,4043.526780,0.000000,0.000000,raw global samples aggregated; synthetic Phase-1 shapes only
COMM_ONLY,C1_RING_SIMPLE_CH4,2048,2048,2048,4,50,50,0,4129.554720,4039.620000,4035.937900,4062.588350,434.040507,10.510589,4124.042540,1060.724140,4118.539880,0.000000,0.000000,raw global samples aggregated; synthetic Phase-1 shapes only
COMM_ONLY,C1_RING_SIMPLE_CH4,2048,2048,2048,8,50,50,0,4270.231640,4214.963500,4205.028550,4285.174450,321.597710,7.531154,4264.721560,584.024940,4259.217800,0.000000,0.000000,raw global samples aggregated; synthetic Phase-1 shapes only
COMM_ONLY,C1_RING_SIMPLE_CH4,2048,512,2048,1,50,50,0,3958.649340,3912.664500,3895.632400,3931.971000,333.226587,8.417684,3953.126400,3947.619440,3947.619440,0.000000,0.000000,raw global samples aggregated; synthetic Phase-1 shapes only
COMM_ONLY,C1_RING_SIMPLE_CH4,2048,512,2048,2,50,50,0,3973.378200,3965.377500,3954.414300,4027.094350,27.019886,0.680023,3967.852140,1984.557980,3962.325980,0.000000,0.000000,raw global samples aggregated; synthetic Phase-1 shapes only
COMM_ONLY,C1_RING_SIMPLE_CH4,2048,512,2048,4,50,50,0,4037.467060,4034.333000,4028.557000,4050.743600,16.479987,0.408176,4031.979320,1012.852860,4026.462780,0.000000,0.000000,raw global samples aggregated; synthetic Phase-1 shapes only
COMM_ONLY,C1_RING_SIMPLE_CH4,2048,512,2048,8,50,50,0,4206.151560,4203.365000,4199.181100,4217.035000,12.840618,0.305282,4200.638520,533.938120,4195.128260,0.000000,0.000000,raw global samples aggregated; synthetic Phase-1 shapes only
COMM_ONLY,C1_RING_SIMPLE_CH4,512,256,1024,1,10,10,0,576.495400,574.207500,570.208000,586.479000,6.113771,1.060506,571.023700,565.552200,565.552200,0.000000,0.000000,raw global samples aggregated; synthetic Phase-1 shapes only
COMM_ONLY,C2_RING_SIMPLE_CH8,2048,128,2048,1,50,50,0,3837.852380,3836.104500,3824.931700,3857.063450,9.928092,0.258689,3832.335840,3826.835360,3826.835360,0.000000,0.000000,raw global samples aggregated; synthetic Phase-1 shapes only
COMM_ONLY,C2_RING_SIMPLE_CH8,2048,128,2048,2,50,50,0,3989.485060,3896.821500,3883.341550,3955.285750,438.550356,10.992656,3983.968620,1992.112340,3978.442500,0.000000,0.000000,raw global samples aggregated; synthetic Phase-1 shapes only
COMM_ONLY,C2_RING_SIMPLE_CH8,2048,128,2048,4,50,50,0,3989.419460,3979.025500,3973.332000,4005.298650,52.720779,1.321515,3983.904780,1000.048180,3978.393500,0.000000,0.000000,raw global samples aggregated; synthetic Phase-1 shapes only
COMM_ONLY,C2_RING_SIMPLE_CH8,2048,128,2048,8,50,50,0,4165.190740,4164.170000,4157.119450,4178.270000,6.046144,0.145159,4159.699900,530.130280,4154.221900,0.000000,0.000000,raw global samples aggregated; synthetic Phase-1 shapes only
COMM_ONLY,C2_RING_SIMPLE_CH8,2048,2048,2048,1,50,50,0,3904.565120,3847.624000,3836.393000,3873.391000,341.683597,8.750875,3899.051860,3893.532080,3893.532080,0.000000,0.000000,raw global samples aggregated; synthetic Phase-1 shapes only
COMM_ONLY,C2_RING_SIMPLE_CH8,2048,2048,2048,2,50,50,0,3945.756740,3894.420500,3889.513300,3902.533100,360.767717,9.143182,3940.256320,1998.364840,3934.749480,0.000000,0.000000,raw global samples aggregated; synthetic Phase-1 shapes only
COMM_ONLY,C2_RING_SIMPLE_CH8,2048,2048,2048,4,50,50,0,3990.903600,3989.930000,3984.703450,3997.613550,4.660441,0.116777,3985.410000,1005.524640,3979.893840,0.000000,0.000000,raw global samples aggregated; synthetic Phase-1 shapes only
COMM_ONLY,C2_RING_SIMPLE_CH8,2048,2048,2048,8,50,50,0,4174.225480,4172.806000,4168.319000,4189.181450,6.372557,0.152664,4168.692940,532.725480,4163.160420,0.000000,0.000000,raw global samples aggregated; synthetic Phase-1 shapes only
COMM_ONLY,C2_RING_SIMPLE_CH8,2048,512,2048,1,50,50,0,3836.582700,3835.785000,3824.873550,3850.642850,8.647636,0.225399,3831.063040,3825.549760,3825.549760,0.000000,0.000000,raw global samples aggregated; synthetic Phase-1 shapes only
COMM_ONLY,C2_RING_SIMPLE_CH8,2048,512,2048,2,50,50,0,3977.028200,3889.544500,3885.453550,3904.940450,426.538880,10.725066,3971.518260,1944.438340,3966.033700,0.000000,0.000000,raw global samples aggregated; synthetic Phase-1 shapes only
COMM_ONLY,C2_RING_SIMPLE_CH8,2048,512,2048,4,50,50,0,4032.515640,3984.167500,3979.438000,3996.949550,336.566875,8.346325,4026.993260,1000.856960,4021.470740,0.000000,0.000000,raw global samples aggregated; synthetic Phase-1 shapes only
COMM_ONLY,C2_RING_SIMPLE_CH8,2048,512,2048,8,50,50,0,4188.066280,4170.806000,4163.129600,4283.103900,41.488111,0.990627,4182.553080,531.605420,4177.046240,0.000000,0.000000,raw global samples aggregated; synthetic Phase-1 shapes only
COMM_ONLY,C2_RING_SIMPLE_CH8,512,256,1024,1,10,10,0,570.367900,570.447500,562.736550,579.799000,5.994641,1.051013,564.912100,559.472200,559.472200,0.000000,0.000000,raw global samples aggregated; synthetic Phase-1 shapes only
GEMM_ONLY,C0_DEFAULT,128,128,128,1,5,5,0,58.204600,57.437000,53.501000,63.292000,4.821299,8.283365,52.669000,0.000000,0.000000,47.709400,0.176400,raw global samples aggregated; synthetic Phase-1 shapes only
GEMM_ONLY,C0_DEFAULT,128,128,128,2,5,5,0,86.427000,84.315000,81.691000,92.507000,4.861473,5.624947,80.987400,0.000000,0.000000,75.676000,0.111600,raw global samples aggregated; synthetic Phase-1 shapes only
GEMM_ONLY,C0_DEFAULT,2048,128,2048,1,50,50,0,353.925840,349.100500,341.245000,397.042000,15.710704,4.438982,348.383820,0.000000,0.000000,340.083380,12.653160,raw global samples aggregated; synthetic Phase-1 shapes only
GEMM_ONLY,C0_DEFAULT,2048,128,2048,2,50,50,0,323.680980,323.022000,319.006000,329.045000,3.466374,1.070923,318.164440,0.000000,0.000000,309.844980,13.863260,raw global samples aggregated; synthetic Phase-1 shapes only
GEMM_ONLY,C0_DEFAULT,2048,128,2048,4,50,50,0,594.545320,594.363000,586.600450,601.997000,4.665682,0.784748,588.988260,0.000000,0.000000,580.652540,7.397280,raw global samples aggregated; synthetic Phase-1 shapes only
GEMM_ONLY,C0_DEFAULT,2048,128,2048,8,50,50,0,711.940880,713.720000,704.976000,717.807450,5.637827,0.791895,706.386040,0.000000,0.000000,697.432920,6.158700,raw global samples aggregated; synthetic Phase-1 shapes only
GEMM_ONLY,C0_DEFAULT,2048,2048,2048,1,50,50,0,2636.690060,2654.253000,2518.115100,2670.286550,46.928841,1.779839,2630.751040,0.000000,0.000000,2500.659400,27.488760,raw global samples aggregated; synthetic Phase-1 shapes only
GEMM_ONLY,C0_DEFAULT,2048,2048,2048,2,50,50,0,2632.299660,2632.414500,2448.696300,2660.415000,311.774163,11.844174,2626.386360,0.000000,0.000000,2500.083140,27.729400,raw global samples aggregated; synthetic Phase-1 shapes only
GEMM_ONLY,C0_DEFAULT,2048,2048,2048,4,50,50,0,2805.993340,2829.751500,2692.436100,2848.437700,54.226159,1.932512,2800.116240,0.000000,0.000000,2674.000940,25.708280,raw global samples aggregated; synthetic Phase-1 shapes only
GEMM_ONLY,C0_DEFAULT,2048,2048,2048,8,50,50,0,3554.018680,3559.240500,3500.878850,3586.437000,25.755535,0.724688,3548.348540,0.000000,0.000000,3430.531000,20.032860,raw global samples aggregated; synthetic Phase-1 shapes only
GEMM_ONLY,C0_DEFAULT,2048,512,2048,1,50,50,0,909.978260,908.510500,885.464000,946.514450,21.840161,2.400075,904.359260,0.000000,0.000000,875.208960,19.640480,raw global samples aggregated; synthetic Phase-1 shapes only
GEMM_ONLY,C0_DEFAULT,2048,512,2048,2,50,50,0,772.839940,771.156000,767.516450,785.691900,5.741296,0.742883,767.246680,0.000000,0.000000,738.473980,23.265200,raw global samples aggregated; synthetic Phase-1 shapes only
GEMM_ONLY,C0_DEFAULT,2048,512,2048,4,50,50,0,811.798200,804.867000,802.299000,831.882550,37.612493,4.633232,806.233500,0.000000,0.000000,777.289840,22.141040,raw global samples aggregated; synthetic Phase-1 shapes only
GEMM_ONLY,C0_DEFAULT,2048,512,2048,8,50,50,0,1716.573500,1649.909000,1640.716000,1752.069550,317.681401,18.506717,1711.041020,0.000000,0.000000,1682.892120,10.369960,raw global samples aggregated; synthetic Phase-1 shapes only
H0_EVENT_OVERLAP,C0_DEFAULT,128,128,128,1,5,5,0,151.319400,150.231000,142.136000,162.391000,9.360143,6.185686,148.503200,85.371600,85.371600,46.109400,0.189400,raw global samples aggregated; synthetic Phase-1 shapes only
H0_EVENT_OVERLAP,C0_DEFAULT,128,128,128,2,5,5,0,258.866800,263.957000,240.970800,275.130000,15.246455,5.889691,255.505600,79.107200,208.380600,156.741600,0.053600,raw global samples aggregated; synthetic Phase-1 shapes only
H0_EVENT_OVERLAP,C0_DEFAULT,2048,128,2048,1,150,150,0,4382.992693,4347.116000,4317.341450,4395.143900,276.301758,6.303952,4054.728340,4048.512120,4048.512120,324.806433,13.243140,raw global samples aggregated; synthetic Phase-1 shapes only
H0_EVENT_OVERLAP,C0_DEFAULT,2048,128,2048,2,150,150,0,4229.133307,4209.923000,4196.637100,4228.810450,212.545974,5.025757,4080.767213,2037.879253,4074.578827,2178.721233,1.979893,raw global samples aggregated; synthetic Phase-1 shapes only
H0_EVENT_OVERLAP,C0_DEFAULT,2048,128,2048,4,150,150,0,4356.656560,4313.188500,4300.556900,4326.960050,306.656978,7.038815,4211.271400,1041.183000,4204.995340,3302.564173,1.307327,raw global samples aggregated; synthetic Phase-1 shapes only
H0_EVENT_OVERLAP,C0_DEFAULT,2048,128,2048,8,150,150,0,4547.571933,4498.868000,4489.510250,4530.712900,323.221911,7.107571,4458.880513,572.468407,4452.464913,3968.937120,1.085220,raw global samples aggregated; synthetic Phase-1 shapes only
H0_EVENT_OVERLAP,C0_DEFAULT,2048,2048,2048,1,150,150,0,6413.037493,6379.492500,6348.641600,6421.175450,270.087122,4.211532,4034.142833,4027.839980,4027.839980,2382.477287,28.931940,raw global samples aggregated; synthetic Phase-1 shapes only
H0_EVENT_OVERLAP,C0_DEFAULT,2048,2048,2048,2,150,150,0,5384.112027,5340.669000,5318.296100,5367.870000,302.590776,5.620068,4208.689220,2080.500687,4202.399707,3297.407360,20.840827,raw global samples aggregated; synthetic Phase-1 shapes only
H0_EVENT_OVERLAP,C0_DEFAULT,2048,2048,2048,4,150,150,0,4868.714420,4853.167000,4840.527350,4873.343000,179.445721,3.685690,4156.399493,1045.056427,4150.262307,3811.613247,18.054233,raw global samples aggregated; synthetic Phase-1 shapes only
H0_EVENT_OVERLAP,C0_DEFAULT,2048,2048,2048,8,150,150,0,5204.655167,5171.470000,5154.586050,5215.108000,250.648870,4.815859,4526.659720,568.572880,4520.742167,4629.987193,14.871920,raw global samples aggregated; synthetic Phase-1 shapes only
H0_EVENT_OVERLAP,C0_DEFAULT,2048,512,2048,1,150,150,0,5022.102653,4900.284000,4845.615550,5182.872950,371.234866,7.392021,4127.256593,4120.941247,4120.941247,890.982900,19.772967,raw global samples aggregated; synthetic Phase-1 shapes only
H0_EVENT_OVERLAP,C0_DEFAULT,2048,512,2048,2,150,150,0,4449.743780,4434.630000,4419.664000,4448.638000,189.888955,4.267413,4075.881087,2051.152047,4069.708580,2386.059107,7.200333,raw global samples aggregated; synthetic Phase-1 shapes only
H0_EVENT_OVERLAP,C0_DEFAULT,2048,512,2048,4,150,150,0,4311.733513,4295.518000,4286.959450,4313.622550,178.420148,4.138014,4114.370247,1043.768660,4107.764887,3255.341220,5.286993,raw global samples aggregated; synthetic Phase-1 shapes only
H0_EVENT_OVERLAP,C0_DEFAULT,2048,512,2048,8,150,150,0,4602.861267,4553.505000,4543.022400,4601.529850,315.194781,6.847801,4394.167660,553.135033,4387.479007,4040.296207,4.269020,raw global samples aggregated; synthetic Phase-1 shapes only
H0_EVENT_OVERLAP,C1_RING_SIMPLE_CH4,2048,128,2048,1,150,150,0,4362.490647,4345.106500,4316.993950,4382.093400,183.719021,4.211333,4032.514507,4026.285467,4026.285467,325.772453,13.206760,raw global samples aggregated; synthetic Phase-1 shapes only
H0_EVENT_OVERLAP,C1_RING_SIMPLE_CH4,2048,128,2048,2,150,150,0,4228.294787,4210.643500,4193.564450,4230.957000,209.051113,4.944100,4079.874140,2054.153693,4073.700680,2161.662427,1.986947,raw global samples aggregated; synthetic Phase-1 shapes only
H0_EVENT_OVERLAP,C1_RING_SIMPLE_CH4,2048,128,2048,4,150,150,0,4381.227187,4321.197500,4310.232450,4335.789000,362.583823,8.275851,4236.165680,1060.608307,4229.894007,3311.588347,1.304160,raw global samples aggregated; synthetic Phase-1 shapes only
H0_EVENT_OVERLAP,C1_RING_SIMPLE_CH4,2048,128,2048,8,150,150,0,4559.602147,4499.747500,4483.397000,4531.772300,352.265564,7.725796,4456.922013,552.765947,4450.489293,3997.087487,1.080027,raw global samples aggregated; synthetic Phase-1 shapes only
H0_EVENT_OVERLAP,C1_RING_SIMPLE_CH4,2048,2048,2048,1,150,150,0,6421.129247,6382.201500,6350.963450,6529.850000,249.753276,3.889554,4057.833547,4051.553233,4051.553260,2366.092807,29.044013,raw global samples aggregated; synthetic Phase-1 shapes only
H0_EVENT_OVERLAP,C1_RING_SIMPLE_CH4,2048,2048,2048,2,150,150,0,5374.213887,5341.540000,5316.165550,5376.138900,277.039030,5.154968,4184.658260,2055.555033,4178.352467,3312.353660,20.786693,raw global samples aggregated; synthetic Phase-1 shapes only
H0_EVENT_OVERLAP,C1_RING_SIMPLE_CH4,2048,2048,2048,4,150,150,0,4887.070947,4852.528500,4841.384000,4879.550550,274.031776,5.607281,4174.862320,1078.557013,4168.684540,3812.195627,18.052433,raw global samples aggregated; synthetic Phase-1 shapes only
H0_EVENT_OVERLAP,C1_RING_SIMPLE_CH4,2048,2048,2048,8,150,150,0,5221.816853,5174.270000,5157.862450,5194.237000,331.175676,6.342154,4544.427427,568.641133,4538.510940,4648.848580,14.832107,raw global samples aggregated; synthetic Phase-1 shapes only
H0_EVENT_OVERLAP,C1_RING_SIMPLE_CH4,2048,512,2048,1,150,150,0,4940.439920,4879.564500,4847.432450,4933.224100,366.884218,7.426145,4074.483940,4068.223447,4068.223447,863.576780,19.903893,raw global samples aggregated; synthetic Phase-1 shapes only
H0_EVENT_OVERLAP,C1_RING_SIMPLE_CH4,2048,512,2048,2,150,150,0,4461.489800,4432.459500,4416.519000,4450.390900,249.425272,5.590627,4087.597887,2049.090140,4081.351833,2399.555433,7.179553,raw global samples aggregated; synthetic Phase-1 shapes only
H0_EVENT_OVERLAP,C1_RING_SIMPLE_CH4,2048,512,2048,4,150,150,0,4330.321147,4296.478500,4288.310550,4496.676450,194.276911,4.486432,4133.044733,1049.945287,4126.525653,3267.435867,5.268887,raw global samples aggregated; synthetic Phase-1 shapes only
H0_EVENT_OVERLAP,C1_RING_SIMPLE_CH4,2048,512,2048,8,150,150,0,4609.212367,4561.184500,4547.977550,4711.592450,249.246632,5.407575,4401.071473,573.641493,4394.394540,4028.468933,4.270147,raw global samples aggregated; synthetic Phase-1 shapes only
H0_EVENT_OVERLAP,C2_RING_SIMPLE_CH8,2048,128,2048,1,150,150,0,4302.190480,4280.319500,4254.145000,4344.644000,201.414956,4.681684,3973.449520,3967.267473,3967.267473,323.799540,13.278427,raw global samples aggregated; synthetic Phase-1 shapes only
H0_EVENT_OVERLAP,C2_RING_SIMPLE_CH8,2048,128,2048,2,150,150,0,4151.790727,4114.489000,4103.769900,4173.678450,256.810761,6.185542,4003.508920,2019.844107,3997.333280,2120.604680,2.032707,raw global samples aggregated; synthetic Phase-1 shapes only
H0_EVENT_OVERLAP,C2_RING_SIMPLE_CH8,2048,128,2048,4,150,150,0,4226.022807,4223.123000,4214.380450,4240.098000,27.309959,0.646233,4080.014847,1034.688653,4073.661047,3183.793280,1.349080,raw global samples aggregated; synthetic Phase-1 shapes only
H0_EVENT_OVERLAP,C2_RING_SIMPLE_CH8,2048,128,2048,8,150,150,0,4441.183707,4419.083500,4409.680450,4441.394300,191.571658,4.313527,4352.379200,553.599360,4345.716827,3883.322293,1.107767,raw global samples aggregated; synthetic Phase-1 shapes only
H0_EVENT_OVERLAP,C2_RING_SIMPLE_CH8,2048,2048,2048,1,150,150,0,6364.043727,6313.566000,6284.894000,6564.853150,197.747140,3.107256,3989.076440,3982.731220,3982.731220,2380.591353,28.953260,raw global samples aggregated; synthetic Phase-1 shapes only
H0_EVENT_OVERLAP,C2_RING_SIMPLE_CH8,2048,2048,2048,2,150,150,0,5206.929727,5146.816500,5128.359150,5279.778100,321.074066,6.166284,4000.767500,2021.657800,3994.463800,3180.935087,21.701467,raw global samples aggregated; synthetic Phase-1 shapes only
H0_EVENT_OVERLAP,C2_RING_SIMPLE_CH8,2048,2048,2048,4,150,150,0,4883.546660,4842.938500,4834.112550,4862.876950,283.670413,5.808697,4085.439487,1031.823073,4079.866653,3839.791827,17.959893,raw global samples aggregated; synthetic Phase-1 shapes only
H0_EVENT_OVERLAP,C2_RING_SIMPLE_CH8,2048,2048,2048,8,150,150,0,5599.330820,5541.455000,5523.758500,5560.433450,355.782481,6.354018,4432.620333,563.799760,4426.756133,5029.407773,13.710667,raw global samples aggregated; synthetic Phase-1 shapes only
H0_EVENT_OVERLAP,C2_RING_SIMPLE_CH8,2048,512,2048,1,150,150,0,4833.728507,4811.009000,4787.403450,4873.942400,189.672877,3.923946,3968.972787,3962.708380,3962.708380,860.846593,19.963667,raw global samples aggregated; synthetic Phase-1 shapes only
H0_EVENT_OVERLAP,C2_RING_SIMPLE_CH8,2048,512,2048,2,150,150,0,4361.329933,4343.517000,4330.821550,4381.554550,173.421058,3.976334,3987.389293,2018.020240,3981.119747,2331.844340,7.368220,raw global samples aggregated; synthetic Phase-1 shapes only
H0_EVENT_OVERLAP,C2_RING_SIMPLE_CH8,2048,512,2048,4,150,150,0,4369.486120,4339.037500,4330.373000,4363.539000,248.641830,5.690414,4090.967293,1046.165300,4085.319573,3311.545860,5.197007,raw global samples aggregated; synthetic Phase-1 shapes only
H0_EVENT_OVERLAP,C2_RING_SIMPLE_CH8,2048,512,2048,8,150,150,0,4621.250673,4569.663500,4530.469150,4642.260000,324.017819,7.011475,4390.150967,578.150320,4382.328453,4031.997487,4.267827,raw global samples aggregated; synthetic Phase-1 shapes only
