path,candidate,M,N,K,q,slice_index,slice_bytes,sample_count,release_p05_us,release_p50_us,release_p95_us,gemm_start_p50_us,gemm_end_p50_us,gemm_duration_p50_us,consumer_wait_p50_us
B0_FULL_SERIAL,C0_DEFAULT,2048,2048,2048,1,0,16777216,400,3978.768050,4010.174000,4045.700950,4025.933500,6136.140500,2119.721000,16.159000
B1_SLICE_SERIAL,C0_DEFAULT,2048,2048,2048,2,0,8388608,400,2028.342000,2039.085000,2056.845000,2049.404500,3208.219500,1163.775000,10.240000
B1_SLICE_SERIAL,C0_DEFAULT,2048,2048,2048,2,1,8388608,400,5222.562050,5242.265000,5269.632050,5252.025500,6408.040000,1163.054500,9.920000
B1_SLICE_SERIAL,C0_DEFAULT,2048,2048,2048,8,0,2097152,400,559.008950,567.488000,583.839000,577.887500,996.664000,420.776000,10.240000
B1_SLICE_SERIAL,C0_DEFAULT,2048,2048,2048,8,1,2097152,400,1528.554000,1537.753500,1556.072000,1547.753500,1965.648500,419.017000,10.080000
B1_SLICE_SERIAL,C0_DEFAULT,2048,2048,2048,8,2,2097152,400,2497.623800,2507.698000,2527.074000,2517.938000,2937.115000,420.457000,10.080000
B1_SLICE_SERIAL,C0_DEFAULT,2048,2048,2048,8,3,2097152,400,3467.638000,3479.324500,3501.243000,3489.404000,3906.899500,418.856000,10.239000
B1_SLICE_SERIAL,C0_DEFAULT,2048,2048,2048,8,4,2097152,400,4436.870950,4449.110000,4472.236050,4459.109000,4877.965000,420.457000,10.239000
B1_SLICE_SERIAL,C0_DEFAULT,2048,2048,2048,8,5,2097152,400,5408.176000,5420.174500,5444.341050,5430.334500,5847.670500,418.857000,10.239000
B1_SLICE_SERIAL,C0_DEFAULT,2048,2048,2048,8,6,2097152,400,6377.881950,6390.200500,6416.527000,6400.601000,6819.616500,420.777000,10.240000
B1_SLICE_SERIAL,C0_DEFAULT,2048,2048,2048,8,7,2097152,400,7349.825900,7362.626500,7394.892300,7372.545500,7789.802500,418.376000,9.920000
B1_SLICE_SERIAL,C2_RING_SIMPLE_CH8,2048,2048,2048,2,0,8388608,400,1993.959050,2005.488000,2344.688050,2016.040000,3175.853500,1164.530500,10.399000
B1_SLICE_SERIAL,C2_RING_SIMPLE_CH8,2048,2048,2048,2,1,8388608,400,5155.710000,5175.549000,5512.676000,5185.548500,6342.364000,1164.414500,10.080000
B1_SLICE_SERIAL,C2_RING_SIMPLE_CH8,2048,2048,2048,8,0,2097152,400,553.249000,562.048500,580.424000,572.687500,991.704000,420.456000,10.399000
B1_SLICE_SERIAL,C2_RING_SIMPLE_CH8,2048,2048,2048,8,1,2097152,400,1516.395000,1528.234000,1553.897000,1538.313500,1956.530000,419.816000,10.080000
B1_SLICE_SERIAL,C2_RING_SIMPLE_CH8,2048,2048,2048,8,2,2097152,400,2480.821000,2492.420000,2522.827200,2502.499500,2922.076000,420.137000,10.239500
B1_SLICE_SERIAL,C2_RING_SIMPLE_CH8,2048,2048,2048,8,3,2097152,400,3446.845950,3458.845500,3495.148900,3469.325500,3888.261000,420.137000,10.240000
B1_SLICE_SERIAL,C2_RING_SIMPLE_CH8,2048,2048,2048,8,4,2097152,400,4411.903100,4425.671000,4509.954850,4435.910500,4854.606500,420.457000,10.240000
B1_SLICE_SERIAL,C2_RING_SIMPLE_CH8,2048,2048,2048,8,5,2097152,400,5377.770000,5392.016500,5548.008750,5402.257000,5820.474500,419.497000,10.399000
B1_SLICE_SERIAL,C2_RING_SIMPLE_CH8,2048,2048,2048,8,6,2097152,400,6343.475050,6358.202500,6514.505800,6368.362000,6787.938500,420.937000,10.399000
B1_SLICE_SERIAL,C2_RING_SIMPLE_CH8,2048,2048,2048,8,7,2097152,400,7310.951850,7326.308000,7482.242850,7336.227500,7754.284500,419.336500,10.079000
COMM_ONLY,C0_DEFAULT,2048,2048,2048,2,0,8388608,400,1978.601050,1985.008000,2004.887900,0.000000,0.000000,0.000000,-1985.008000
COMM_ONLY,C0_DEFAULT,2048,2048,2048,2,1,8388608,400,3949.210000,3957.378500,3991.328000,0.000000,0.000000,0.000000,-3957.378500
COMM_ONLY,C0_DEFAULT,2048,2048,2048,8,0,2097152,400,534.042000,536.610000,550.873000,0.000000,0.000000,0.000000,-536.610000
COMM_ONLY,C0_DEFAULT,2048,2048,2048,8,1,2097152,400,1057.221000,1060.261000,1082.820000,0.000000,0.000000,0.000000,-1060.261000
COMM_ONLY,C0_DEFAULT,2048,2048,2048,8,2,2097152,400,1579.591000,1583.991000,1610.974000,0.000000,0.000000,0.000000,-1583.991000
COMM_ONLY,C0_DEFAULT,2048,2048,2048,8,3,2097152,400,2102.445750,2106.922000,2140.604000,0.000000,0.000000,0.000000,-2106.922000
COMM_ONLY,C0_DEFAULT,2048,2048,2048,8,4,2097152,400,2625.284050,2630.092000,2671.442000,0.000000,0.000000,0.000000,-2630.092000
COMM_ONLY,C0_DEFAULT,2048,2048,2048,8,5,2097152,400,3147.815300,3153.582500,3202.061200,0.000000,0.000000,0.000000,-3153.582500
COMM_ONLY,C0_DEFAULT,2048,2048,2048,8,6,2097152,400,3670.833950,3676.914500,3741.302000,0.000000,0.000000,0.000000,-3676.914500
COMM_ONLY,C0_DEFAULT,2048,2048,2048,8,7,2097152,400,4193.356050,4200.244000,4290.088300,0.000000,0.000000,0.000000,-4200.244000
COMM_ONLY,C1_RING_SIMPLE_CH4,2048,2048,2048,2,0,8388608,400,1978.441000,1984.529000,2206.632950,0.000000,0.000000,0.000000,-1984.529000
COMM_ONLY,C1_RING_SIMPLE_CH4,2048,2048,2048,2,1,8388608,400,3948.730000,3956.738500,4177.764050,0.000000,0.000000,0.000000,-3956.738500
COMM_ONLY,C1_RING_SIMPLE_CH4,2048,2048,2048,8,0,2097152,400,533.570000,535.810000,541.898000,0.000000,0.000000,0.000000,-535.810000
COMM_ONLY,C1_RING_SIMPLE_CH4,2048,2048,2048,8,1,2097152,400,1056.571100,1058.980500,1067.956000,0.000000,0.000000,0.000000,-1058.980500
COMM_ONLY,C1_RING_SIMPLE_CH4,2048,2048,2048,8,2,2097152,400,1579.271000,1582.151000,1593.704850,0.000000,0.000000,0.000000,-1582.151000
COMM_ONLY,C1_RING_SIMPLE_CH4,2048,2048,2048,8,3,2097152,400,2101.802000,2105.005000,2121.969000,0.000000,0.000000,0.000000,-2105.005000
COMM_ONLY,C1_RING_SIMPLE_CH4,2048,2048,2048,8,4,2097152,400,2624.332900,2628.172000,2646.123050,0.000000,0.000000,0.000000,-2628.172000
COMM_ONLY,C1_RING_SIMPLE_CH4,2048,2048,2048,8,5,2097152,400,3147.184000,3151.343000,3171.494950,0.000000,0.000000,0.000000,-3151.343000
COMM_ONLY,C1_RING_SIMPLE_CH4,2048,2048,2048,8,6,2097152,400,3670.033950,3674.437000,3696.264050,0.000000,0.000000,0.000000,-3674.437000
COMM_ONLY,C1_RING_SIMPLE_CH4,2048,2048,2048,8,7,2097152,400,4192.876050,4197.528000,4223.202950,0.000000,0.000000,0.000000,-4197.528000
COMM_ONLY,C2_RING_SIMPLE_CH8,2048,2048,2048,2,0,8388608,400,1943.891000,1948.676000,1968.463300,0.000000,0.000000,0.000000,-1948.676000
COMM_ONLY,C2_RING_SIMPLE_CH8,2048,2048,2048,2,1,8388608,400,3877.046050,3884.781500,3913.314450,0.000000,0.000000,0.000000,-3884.781500
COMM_ONLY,C2_RING_SIMPLE_CH8,2048,2048,2048,8,0,2097152,400,529.724450,531.810000,555.025000,0.000000,0.000000,0.000000,-531.810000
COMM_ONLY,C2_RING_SIMPLE_CH8,2048,2048,2048,8,1,2097152,400,1048.034200,1050.661000,1074.052000,0.000000,0.000000,0.000000,-1050.661000
COMM_ONLY,C2_RING_SIMPLE_CH8,2048,2048,2048,8,2,2097152,400,1566.155000,1569.421500,1593.998050,0.000000,0.000000,0.000000,-1569.421500
COMM_ONLY,C2_RING_SIMPLE_CH8,2048,2048,2048,8,3,2097152,400,2084.363950,2088.043000,2120.369000,0.000000,0.000000,0.000000,-2088.043000
COMM_ONLY,C2_RING_SIMPLE_CH8,2048,2048,2048,8,4,2097152,400,2602.728100,2606.858500,2643.900000,0.000000,0.000000,0.000000,-2606.858500
COMM_ONLY,C2_RING_SIMPLE_CH8,2048,2048,2048,8,5,2097152,400,3120.936050,3125.705000,3170.062000,0.000000,0.000000,0.000000,-3125.705000
COMM_ONLY,C2_RING_SIMPLE_CH8,2048,2048,2048,8,6,2097152,400,3639.001700,3644.116000,3692.217000,0.000000,0.000000,0.000000,-3644.116000
COMM_ONLY,C2_RING_SIMPLE_CH8,2048,2048,2048,8,7,2097152,400,4157.213650,4162.806500,4225.874900,0.000000,0.000000,0.000000,-4162.806500
GEMM_ONLY,C0_DEFAULT,2048,2048,2048,2,0,8388608,240,0.000000,0.000000,0.000000,124.104000,1353.624500,1229.759500,124.104000
GEMM_ONLY,C0_DEFAULT,2048,2048,2048,2,1,8388608,240,0.000000,0.000000,0.000000,1359.464500,2610.190000,1252.642500,1359.464500
GEMM_ONLY,C0_DEFAULT,2048,2048,2048,8,0,2097152,240,0.000000,0.000000,0.000000,112.154000,532.309500,420.616000,112.154000
GEMM_ONLY,C0_DEFAULT,2048,2048,2048,8,1,2097152,240,0.000000,0.000000,0.000000,537.832500,955.089000,417.896000,537.832500
GEMM_ONLY,C0_DEFAULT,2048,2048,2048,8,2,2097152,240,0.000000,0.000000,0.000000,960.588000,1380.084000,420.936500,960.588000
GEMM_ONLY,C0_DEFAULT,2048,2048,2048,8,3,2097152,240,0.000000,0.000000,0.000000,1385.624500,1807.131000,424.456000,1385.624500
GEMM_ONLY,C0_DEFAULT,2048,2048,2048,8,4,2097152,240,0.000000,0.000000,0.000000,1812.736500,2235.397500,425.817000,1812.736500
GEMM_ONLY,C0_DEFAULT,2048,2048,2048,8,5,2097152,240,0.000000,0.000000,0.000000,2240.995500,2665.784500,427.816000,2240.995500
GEMM_ONLY,C0_DEFAULT,2048,2048,2048,8,6,2097152,240,0.000000,0.000000,0.000000,2671.530000,3097.111500,430.456000,2671.530000
GEMM_ONLY,C0_DEFAULT,2048,2048,2048,8,7,2097152,240,0.000000,0.000000,0.000000,3102.791000,3526.285000,427.658000,3102.791000
H0_EVENT_OVERLAP,C0_DEFAULT,2048,2048,2048,2,0,8388608,400,2026.270050,2036.366500,2050.933200,2046.925000,3992.181500,1954.370000,10.559000
H0_EVENT_OVERLAP,C0_DEFAULT,2048,2048,2048,2,1,8388608,400,4141.367000,4157.767000,4188.708600,4167.926500,5333.541000,1173.377000,10.079000
H0_EVENT_OVERLAP,C0_DEFAULT,2048,2048,2048,8,0,2097152,400,556.113000,562.528000,577.272000,573.567500,1258.809000,691.001000,10.560000
H0_EVENT_OVERLAP,C0_DEFAULT,2048,2048,2048,8,1,2097152,400,1104.418000,1112.257000,1129.057000,1286.248000,1892.374000,616.286000,173.750000
H0_EVENT_OVERLAP,C0_DEFAULT,2048,2048,2048,8,2,2097152,400,1665.491050,1674.306000,1693.409000,1920.292500,2482.741000,585.727000,245.104500
H0_EVENT_OVERLAP,C0_DEFAULT,2048,2048,2048,8,3,2097152,400,2219.550800,2231.317500,2253.377950,2510.901000,3055.988000,559.809000,279.987000
H0_EVENT_OVERLAP,C0_DEFAULT,2048,2048,2048,8,4,2097152,400,2776.807800,2786.883500,2811.715000,3083.832000,3623.479500,549.330000,297.263000
H0_EVENT_OVERLAP,C0_DEFAULT,2048,2048,2048,8,5,2097152,400,3342.044900,3352.371500,3381.259000,3651.158000,4190.486500,547.009500,298.223000
H0_EVENT_OVERLAP,C0_DEFAULT,2048,2048,2048,8,6,2097152,400,3908.093000,3918.821000,3947.163000,4218.643000,4735.254000,525.571500,299.023000
H0_EVENT_OVERLAP,C0_DEFAULT,2048,2048,2048,8,7,2097152,400,4472.229000,4484.948500,4522.322600,4746.619000,5162.991000,417.737000,261.828500
H0_EVENT_OVERLAP,C1_RING_SIMPLE_CH4,2048,2048,2048,2,0,8388608,400,2027.406950,2038.046000,2056.044000,2048.604500,3989.079000,1949.172500,10.559000
H0_EVENT_OVERLAP,C1_RING_SIMPLE_CH4,2048,2048,2048,2,1,8388608,400,4143.429650,4161.656000,4192.091600,4171.766000,5335.861500,1174.605500,10.079000
H0_EVENT_OVERLAP,C1_RING_SIMPLE_CH4,2048,2048,2048,8,0,2097152,400,557.568950,564.448000,579.976000,574.848000,1260.329000,690.762000,10.560000
H0_EVENT_OVERLAP,C1_RING_SIMPLE_CH4,2048,2048,2048,8,1,2097152,400,1104.881050,1114.498000,1132.584000,1287.608000,1893.654000,615.566000,172.870000
H0_EVENT_OVERLAP,C1_RING_SIMPLE_CH4,2048,2048,2048,8,2,2097152,400,1666.299900,1676.546000,1697.872900,1921.492000,2484.500500,585.808000,243.587500
H0_EVENT_OVERLAP,C1_RING_SIMPLE_CH4,2048,2048,2048,8,3,2097152,400,2222.275000,2233.474500,2255.249950,2512.179000,3058.068500,561.089000,278.864000
H0_EVENT_OVERLAP,C1_RING_SIMPLE_CH4,2048,2048,2048,8,4,2097152,400,2778.083950,2789.283500,2812.491000,3085.506500,3627.717000,550.209000,296.463000
H0_EVENT_OVERLAP,C1_RING_SIMPLE_CH4,2048,2048,2048,8,5,2097152,400,3343.323200,3356.055000,3379.842000,3655.794000,4193.608000,547.170000,299.023000
H0_EVENT_OVERLAP,C1_RING_SIMPLE_CH4,2048,2048,2048,8,6,2097152,400,3908.557000,3922.500500,3947.163850,4220.802500,4738.775000,525.410000,298.224000
H0_EVENT_OVERLAP,C1_RING_SIMPLE_CH4,2048,2048,2048,8,7,2097152,400,4472.853000,4487.908500,4513.532000,4750.054000,5166.990000,417.896000,262.225000
H0_EVENT_OVERLAP,C2_RING_SIMPLE_CH8,2048,2048,2048,2,0,8388608,400,1992.524600,2003.248000,2020.630950,2013.738000,3778.437000,1777.739500,10.400000
H0_EVENT_OVERLAP,C2_RING_SIMPLE_CH8,2048,2048,2048,2,1,8388608,400,3952.733050,3965.857000,4008.926000,3975.731000,5141.348000,1175.027500,10.080000
H0_EVENT_OVERLAP,C2_RING_SIMPLE_CH8,2048,2048,2048,8,0,2097152,400,551.809000,559.047000,574.124350,569.288500,1343.254500,778.266500,10.399000
H0_EVENT_OVERLAP,C2_RING_SIMPLE_CH8,2048,2048,2048,8,1,2097152,400,1082.777500,1089.923000,1104.840750,1384.850500,1978.282000,605.517500,294.837500
H0_EVENT_OVERLAP,C2_RING_SIMPLE_CH8,2048,2048,2048,8,2,2097152,400,1623.521150,1631.108000,1648.213850,2018.682500,2687.226500,671.330000,387.659000
H0_EVENT_OVERLAP,C2_RING_SIMPLE_CH8,2048,2048,2048,8,3,2097152,400,2177.318000,2186.466500,2203.554100,2704.467000,3397.188500,723.100500,518.533000
H0_EVENT_OVERLAP,C2_RING_SIMPLE_CH8,2048,2048,2048,8,4,2097152,400,2726.192450,2736.690000,2758.385050,3439.263500,4109.640000,679.311000,700.134000
H0_EVENT_OVERLAP,C2_RING_SIMPLE_CH8,2048,2048,2048,8,5,2097152,400,3276.335250,3286.885500,3309.962300,4151.431500,4673.501500,533.357000,861.001000
H0_EVENT_OVERLAP,C2_RING_SIMPLE_CH8,2048,2048,2048,8,6,2097152,400,3823.630700,3836.423500,3860.285900,4684.828000,5103.629500,420.561000,847.604000
H0_EVENT_OVERLAP,C2_RING_SIMPLE_CH8,2048,2048,2048,8,7,2097152,400,4365.179450,4377.524500,4403.091850,5114.938000,5531.689000,417.785000,736.623500
