case_id,phase,repetition,shape_id,m_local,n,k,q,path,candidate,status,sample_count,pass_count,raw_global_csv,e2e_p05,e2e_p50,e2e_p95,e2e_mean,e2e_std,e2e_cv,done_p05,done_p50,done_p95,release_first_p50,release_last_p50,gemm_interval_p50
phase2_b0_r1_S03_CONFIRM_p4_m2048_n2048_k2048_q1_b0_C0_DEFAULT,phase2_b0,1,S03_CONFIRM,2048,2048,2048,1,b0,C0_DEFAULT,0,80,80,/root/private_data/lyc/2ndpaper/results/k500sm_ai_gfx928_4gpu/phase2_release_curve_20260831_105000/cases/phase2_b0_r1_S03_CONFIRM_p4_m2048_n2048_k2048_q1_b0_C0_DEFAULT/raw_global_samples.csv,6111.954450,6138.540000,6188.235700,6220.056175,412.396246,6.630105,3986.414650,4009.774500,4047.588950,4003.934500,4003.934500,2119.083000
phase2_b0_r2_S03_CONFIRM_p4_m2048_n2048_k2048_q1_b0_C0_DEFAULT,phase2_b0,2,S03_CONFIRM,2048,2048,2048,1,b0,C0_DEFAULT,0,80,80,/root/private_data/lyc/2ndpaper/results/k500sm_ai_gfx928_4gpu/phase2_release_curve_20260831_105000/cases/phase2_b0_r2_S03_CONFIRM_p4_m2048_n2048_k2048_q1_b0_C0_DEFAULT/raw_global_samples.csv,6104.763450,6140.135000,6177.356950,6169.228888,233.538040,3.785530,3982.087950,4016.494500,4051.620000,4010.334500,4010.334500,2119.881000
phase2_b0_r3_S03_CONFIRM_p4_m2048_n2048_k2048_q1_b0_C0_DEFAULT,phase2_b0,3,S03_CONFIRM,2048,2048,2048,1,b0,C0_DEFAULT,0,80,80,/root/private_data/lyc/2ndpaper/results/k500sm_ai_gfx928_4gpu/phase2_release_curve_20260831_105000/cases/phase2_b0_r3_S03_CONFIRM_p4_m2048_n2048_k2048_q1_b0_C0_DEFAULT/raw_global_samples.csv,6108.560600,6140.780500,6184.115950,6169.022300,238.629327,3.868187,3982.481000,4014.654000,4050.892000,4008.734000,4008.734000,2119.004000
phase2_b0_r4_S03_CONFIRM_p4_m2048_n2048_k2048_q1_b0_C0_DEFAULT,phase2_b0,4,S03_CONFIRM,2048,2048,2048,1,b0,C0_DEFAULT,0,80,80,/root/private_data/lyc/2ndpaper/results/k500sm_ai_gfx928_4gpu/phase2_release_curve_20260831_105000/cases/phase2_b0_r4_S03_CONFIRM_p4_m2048_n2048_k2048_q1_b0_C0_DEFAULT/raw_global_samples.csv,6115.810500,6142.056000,6172.197900,6141.179837,17.224673,0.280478,3987.582650,4012.495000,4049.268050,4006.254500,4006.254500,2120.601500
phase2_b0_r5_S03_CONFIRM_p4_m2048_n2048_k2048_q1_b0_C0_DEFAULT,phase2_b0,5,S03_CONFIRM,2048,2048,2048,1,b0,C0_DEFAULT,0,80,80,/root/private_data/lyc/2ndpaper/results/k500sm_ai_gfx928_4gpu/phase2_release_curve_20260831_105000/cases/phase2_b0_r5_S03_CONFIRM_p4_m2048_n2048_k2048_q1_b0_C0_DEFAULT/raw_global_samples.csv,6110.202950,6149.414000,6195.845450,6181.323825,275.351695,4.454575,3986.945300,4024.977500,4056.620000,4019.213500,4019.213500,2121.161000
phase2_b1_r1_S03_CONFIRM_p4_m2048_n2048_k2048_q2_b1_C0_DEFAULT,phase2_b1,1,S03_CONFIRM,2048,2048,2048,2,b1,C0_DEFAULT,0,80,80,/root/private_data/lyc/2ndpaper/results/k500sm_ai_gfx928_4gpu/phase2_release_curve_20260831_105000/cases/phase2_b1_r1_S03_CONFIRM_p4_m2048_n2048_k2048_q2_b1_C0_DEFAULT/raw_global_samples.csv,6394.344950,6411.960000,6457.612900,6497.121350,427.901008,6.586009,5228.906100,5244.985500,5290.638850,2036.525500,5238.745500,4365.678500
phase2_b1_r1_S03_CONFIRM_p4_m2048_n2048_k2048_q2_b1_C2_RING_SIMPLE_CH8,phase2_b1,1,S03_CONFIRM,2048,2048,2048,2,b1,C2_RING_SIMPLE_CH8,0,80,80,/root/private_data/lyc/2ndpaper/results/k500sm_ai_gfx928_4gpu/phase2_release_curve_20260831_105000/cases/phase2_b1_r1_S03_CONFIRM_p4_m2048_n2048_k2048_q2_b1_C2_RING_SIMPLE_CH8/raw_global_samples.csv,6325.236050,6348.363500,6373.800100,6349.427362,13.475921,0.212238,5162.574000,5181.949000,5200.580000,2003.807000,5175.789500,4331.516500
phase2_b1_r1_S03_CONFIRM_p4_m2048_n2048_k2048_q8_b1_C0_DEFAULT,phase2_b1,1,S03_CONFIRM,2048,2048,2048,8,b1,C0_DEFAULT,0,80,80,/root/private_data/lyc/2ndpaper/results/k500sm_ai_gfx928_4gpu/phase2_release_curve_20260831_105000/cases/phase2_b1_r1_S03_CONFIRM_p4_m2048_n2048_k2048_q8_b1_C0_DEFAULT/raw_global_samples.csv,7785.587850,7800.362000,7859.717850,7857.146687,338.694431,4.310654,7360.211950,7373.826000,7414.222950,574.287500,7367.506000,7221.754000
phase2_b1_r1_S03_CONFIRM_p4_m2048_n2048_k2048_q8_b1_C2_RING_SIMPLE_CH8,phase2_b1,1,S03_CONFIRM,2048,2048,2048,8,b1,C2_RING_SIMPLE_CH8,0,80,80,/root/private_data/lyc/2ndpaper/results/k500sm_ai_gfx928_4gpu/phase2_release_curve_20260831_105000/cases/phase2_b1_r1_S03_CONFIRM_p4_m2048_n2048_k2048_q8_b1_C2_RING_SIMPLE_CH8/raw_global_samples.csv,7748.629900,7766.764000,8577.879600,7854.803675,371.479855,4.729333,7320.356100,7340.228000,8151.198600,566.447500,7333.429000,7198.317000
phase2_b1_r2_S03_CONFIRM_p4_m2048_n2048_k2048_q2_b1_C0_DEFAULT,phase2_b1,2,S03_CONFIRM,2048,2048,2048,2,b1,C0_DEFAULT,0,80,80,/root/private_data/lyc/2ndpaper/results/k500sm_ai_gfx928_4gpu/phase2_release_curve_20260831_105000/cases/phase2_b1_r2_S03_CONFIRM_p4_m2048_n2048_k2048_q2_b1_C0_DEFAULT/raw_global_samples.csv,6396.079050,6418.678500,6450.861000,6450.189900,269.252380,4.174333,5236.625050,5254.264500,5289.566050,2044.125000,5248.184500,4364.954500
phase2_b1_r2_S03_CONFIRM_p4_m2048_n2048_k2048_q2_b1_C2_RING_SIMPLE_CH8,phase2_b1,2,S03_CONFIRM,2048,2048,2048,2,b1,C2_RING_SIMPLE_CH8,0,80,80,/root/private_data/lyc/2ndpaper/results/k500sm_ai_gfx928_4gpu/phase2_release_curve_20260831_105000/cases/phase2_b1_r2_S03_CONFIRM_p4_m2048_n2048_k2048_q2_b1_C2_RING_SIMPLE_CH8/raw_global_samples.csv,6331.922150,6347.968500,6400.960950,6381.839837,247.646559,3.880488,5166.246000,5181.868500,5219.667000,2006.047000,5175.389000,4331.917000
phase2_b1_r2_S03_CONFIRM_p4_m2048_n2048_k2048_q8_b1_C0_DEFAULT,phase2_b1,2,S03_CONFIRM,2048,2048,2048,8,b1,C0_DEFAULT,0,80,80,/root/private_data/lyc/2ndpaper/results/k500sm_ai_gfx928_4gpu/phase2_release_curve_20260831_105000/cases/phase2_b1_r2_S03_CONFIRM_p4_m2048_n2048_k2048_q8_b1_C0_DEFAULT/raw_global_samples.csv,7784.043000,7795.481000,7827.135800,7880.186925,419.979683,5.329565,7358.146000,7369.664500,7401.063800,569.647500,7363.425500,7221.680500
phase2_b1_r2_S03_CONFIRM_p4_m2048_n2048_k2048_q8_b1_C2_RING_SIMPLE_CH8,phase2_b1,2,S03_CONFIRM,2048,2048,2048,8,b1,C2_RING_SIMPLE_CH8,0,80,80,/root/private_data/lyc/2ndpaper/results/k500sm_ai_gfx928_4gpu/phase2_release_curve_20260831_105000/cases/phase2_b1_r2_S03_CONFIRM_p4_m2048_n2048_k2048_q8_b1_C2_RING_SIMPLE_CH8/raw_global_samples.csv,7740.492050,7749.484500,7787.067350,7817.045000,336.144688,4.300150,7313.981000,7322.229500,7357.784500,555.168500,7315.750000,7184.803000
phase2_b1_r3_S03_CONFIRM_p4_m2048_n2048_k2048_q2_b1_C0_DEFAULT,phase2_b1,3,S03_CONFIRM,2048,2048,2048,2,b1,C0_DEFAULT,0,80,80,/root/private_data/lyc/2ndpaper/results/k500sm_ai_gfx928_4gpu/phase2_release_curve_20260831_105000/cases/phase2_b1_r3_S03_CONFIRM_p4_m2048_n2048_k2048_q2_b1_C0_DEFAULT/raw_global_samples.csv,6394.346500,6415.319500,6441.270000,6444.004975,244.121758,3.788355,5231.089100,5248.985000,5276.215950,2040.205500,5242.745500,4365.995000
phase2_b1_r3_S03_CONFIRM_p4_m2048_n2048_k2048_q2_b1_C2_RING_SIMPLE_CH8,phase2_b1,3,S03_CONFIRM,2048,2048,2048,2,b1,C2_RING_SIMPLE_CH8,0,80,80,/root/private_data/lyc/2ndpaper/results/k500sm_ai_gfx928_4gpu/phase2_release_curve_20260831_105000/cases/phase2_b1_r3_S03_CONFIRM_p4_m2048_n2048_k2048_q2_b1_C2_RING_SIMPLE_CH8/raw_global_samples.csv,6323.156950,6360.042500,6721.677000,6516.067288,322.320047,4.946543,5161.462950,5189.229000,5557.303950,2009.727000,5182.749000,4343.920000
phase2_b1_r3_S03_CONFIRM_p4_m2048_n2048_k2048_q8_b1_C0_DEFAULT,phase2_b1,3,S03_CONFIRM,2048,2048,2048,8,b1,C0_DEFAULT,0,80,80,/root/private_data/lyc/2ndpaper/results/k500sm_ai_gfx928_4gpu/phase2_release_curve_20260831_105000/cases/phase2_b1_r3_S03_CONFIRM_p4_m2048_n2048_k2048_q8_b1_C0_DEFAULT/raw_global_samples.csv,7783.058950,7795.803000,7833.271050,7883.524675,443.768271,5.629059,7358.106950,7369.665000,7403.583050,567.088000,7363.265000,7224.154500
phase2_b1_r3_S03_CONFIRM_p4_m2048_n2048_k2048_q8_b1_C2_RING_SIMPLE_CH8,phase2_b1,3,S03_CONFIRM,2048,2048,2048,8,b1,C2_RING_SIMPLE_CH8,0,80,80,/root/private_data/lyc/2ndpaper/results/k500sm_ai_gfx928_4gpu/phase2_release_curve_20260831_105000/cases/phase2_b1_r3_S03_CONFIRM_p4_m2048_n2048_k2048_q8_b1_C2_RING_SIMPLE_CH8/raw_global_samples.csv,7748.204900,7758.524500,7803.493350,7816.744913,338.406788,4.329255,7320.653000,7331.668500,7372.908400,559.808000,7325.268000,7190.316000
phase2_b1_r4_S03_CONFIRM_p4_m2048_n2048_k2048_q2_b1_C0_DEFAULT,phase2_b1,4,S03_CONFIRM,2048,2048,2048,2,b1,C0_DEFAULT,0,80,80,/root/private_data/lyc/2ndpaper/results/k500sm_ai_gfx928_4gpu/phase2_release_curve_20260831_105000/cases/phase2_b1_r4_S03_CONFIRM_p4_m2048_n2048_k2048_q2_b1_C0_DEFAULT/raw_global_samples.csv,6393.681050,6412.760500,6435.205100,6471.080563,361.738201,5.590074,5233.561050,5246.665000,5263.800000,2037.645500,5240.265500,4364.559000
phase2_b1_r4_S03_CONFIRM_p4_m2048_n2048_k2048_q2_b1_C2_RING_SIMPLE_CH8,phase2_b1,4,S03_CONFIRM,2048,2048,2048,2,b1,C2_RING_SIMPLE_CH8,0,80,80,/root/private_data/lyc/2ndpaper/results/k500sm_ai_gfx928_4gpu/phase2_release_curve_20260831_105000/cases/phase2_b1_r4_S03_CONFIRM_p4_m2048_n2048_k2048_q2_b1_C2_RING_SIMPLE_CH8/raw_global_samples.csv,6321.902000,6342.683500,6382.176000,6396.270938,328.885700,5.141835,5158.086000,5176.588000,5202.411000,2002.367000,5170.508500,4327.680000
phase2_b1_r4_S03_CONFIRM_p4_m2048_n2048_k2048_q8_b1_C0_DEFAULT,phase2_b1,4,S03_CONFIRM,2048,2048,2048,8,b1,C0_DEFAULT,0,80,80,/root/private_data/lyc/2ndpaper/results/k500sm_ai_gfx928_4gpu/phase2_release_curve_20260831_105000/cases/phase2_b1_r4_S03_CONFIRM_p4_m2048_n2048_k2048_q8_b1_C0_DEFAULT/raw_global_samples.csv,7778.411050,7790.362000,7811.457100,7820.228912,261.494248,3.343818,7352.343700,7363.426000,7385.714850,564.688000,7356.946000,7218.955000
phase2_b1_r4_S03_CONFIRM_p4_m2048_n2048_k2048_q8_b1_C2_RING_SIMPLE_CH8,phase2_b1,4,S03_CONFIRM,2048,2048,2048,8,b1,C2_RING_SIMPLE_CH8,0,80,80,/root/private_data/lyc/2ndpaper/results/k500sm_ai_gfx928_4gpu/phase2_release_curve_20260831_105000/cases/phase2_b1_r4_S03_CONFIRM_p4_m2048_n2048_k2048_q8_b1_C2_RING_SIMPLE_CH8/raw_global_samples.csv,7746.980950,7764.923500,8317.219100,7861.339025,410.777530,5.225287,7321.180050,7337.267500,7890.228050,569.808000,7331.187000,7197.448000
phase2_b1_r5_S03_CONFIRM_p4_m2048_n2048_k2048_q2_b1_C0_DEFAULT,phase2_b1,5,S03_CONFIRM,2048,2048,2048,2,b1,C0_DEFAULT,0,80,80,/root/private_data/lyc/2ndpaper/results/k500sm_ai_gfx928_4gpu/phase2_release_curve_20260831_105000/cases/phase2_b1_r5_S03_CONFIRM_p4_m2048_n2048_k2048_q2_b1_C0_DEFAULT/raw_global_samples.csv,6394.896050,6410.760000,6439.798000,6413.138163,14.406000,0.224633,5226.530050,5247.625000,5267.768900,2037.885500,5241.464500,4364.315000
phase2_b1_r5_S03_CONFIRM_p4_m2048_n2048_k2048_q2_b1_C2_RING_SIMPLE_CH8,phase2_b1,5,S03_CONFIRM,2048,2048,2048,2,b1,C2_RING_SIMPLE_CH8,0,80,80,/root/private_data/lyc/2ndpaper/results/k500sm_ai_gfx928_4gpu/phase2_release_curve_20260831_105000/cases/phase2_b1_r5_S03_CONFIRM_p4_m2048_n2048_k2048_q2_b1_C2_RING_SIMPLE_CH8/raw_global_samples.csv,6332.842050,6348.893000,6385.050800,6403.691137,330.910996,5.167504,5163.722050,5182.882000,5213.950850,2006.917500,5176.799500,4331.647000
phase2_b1_r5_S03_CONFIRM_p4_m2048_n2048_k2048_q8_b1_C0_DEFAULT,phase2_b1,5,S03_CONFIRM,2048,2048,2048,8,b1,C0_DEFAULT,0,80,80,/root/private_data/lyc/2ndpaper/results/k500sm_ai_gfx928_4gpu/phase2_release_curve_20260831_105000/cases/phase2_b1_r5_S03_CONFIRM_p4_m2048_n2048_k2048_q8_b1_C0_DEFAULT/raw_global_samples.csv,7786.641100,7797.242000,7830.333000,7800.536038,15.692864,0.201177,7359.227850,7371.025500,7401.812050,563.488500,7364.626000,7225.194000
phase2_b1_r5_S03_CONFIRM_p4_m2048_n2048_k2048_q8_b1_C2_RING_SIMPLE_CH8,phase2_b1,5,S03_CONFIRM,2048,2048,2048,8,b1,C2_RING_SIMPLE_CH8,0,80,80,/root/private_data/lyc/2ndpaper/results/k500sm_ai_gfx928_4gpu/phase2_release_curve_20260831_105000/cases/phase2_b1_r5_S03_CONFIRM_p4_m2048_n2048_k2048_q8_b1_C2_RING_SIMPLE_CH8/raw_global_samples.csv,7745.469050,7759.004000,7918.322900,7831.125300,333.556853,4.259373,7317.964150,7332.868000,7491.282900,563.568500,7326.548500,7195.522000
phase2_comm_r1_S03_CONFIRM_p4_m2048_n2048_k2048_q2_comm_C0_DEFAULT,phase2_comm,1,S03_CONFIRM,2048,2048,2048,2,comm,C0_DEFAULT,0,80,80,/root/private_data/lyc/2ndpaper/results/k500sm_ai_gfx928_4gpu/phase2_release_curve_20260831_105000/cases/phase2_comm_r1_S03_CONFIRM_p4_m2048_n2048_k2048_q2_comm_C0_DEFAULT/raw_global_samples.csv,3958.801000,3967.056500,3981.735050,3968.253950,9.647616,0.243120,3953.202000,3961.537000,3976.143050,1983.888500,3956.097000,0.000000
phase2_comm_r1_S03_CONFIRM_p4_m2048_n2048_k2048_q2_comm_C1_RING_SIMPLE_CH4,phase2_comm,1,S03_CONFIRM,2048,2048,2048,2,comm,C1_RING_SIMPLE_CH4,0,80,80,/root/private_data/lyc/2ndpaper/results/k500sm_ai_gfx928_4gpu/phase2_release_curve_20260831_105000/cases/phase2_comm_r1_S03_CONFIRM_p4_m2048_n2048_k2048_q2_comm_C1_RING_SIMPLE_CH4/raw_global_samples.csv,3961.047700,3968.896500,4196.948000,3999.556650,74.295784,1.857600,3955.447700,3963.377000,4191.348950,1985.168500,3957.857500,0.000000
phase2_comm_r1_S03_CONFIRM_p4_m2048_n2048_k2048_q2_comm_C2_RING_SIMPLE_CH8,phase2_comm,1,S03_CONFIRM,2048,2048,2048,2,comm,C2_RING_SIMPLE_CH8,0,80,80,/root/private_data/lyc/2ndpaper/results/k500sm_ai_gfx928_4gpu/phase2_release_curve_20260831_105000/cases/phase2_comm_r1_S03_CONFIRM_p4_m2048_n2048_k2048_q2_comm_C2_RING_SIMPLE_CH8/raw_global_samples.csv,3890.429600,3897.238500,3922.820250,3962.414575,390.461243,9.854124,3884.828600,3891.719500,3917.227250,1949.377000,3886.118500,0.000000
phase2_comm_r1_S03_CONFIRM_p4_m2048_n2048_k2048_q8_comm_C0_DEFAULT,phase2_comm,1,S03_CONFIRM,2048,2048,2048,8,comm,C0_DEFAULT,0,80,80,/root/private_data/lyc/2ndpaper/results/k500sm_ai_gfx928_4gpu/phase2_release_curve_20260831_105000/cases/phase2_comm_r1_S03_CONFIRM_p4_m2048_n2048_k2048_q8_comm_C0_DEFAULT/raw_global_samples.csv,4203.764000,4209.043000,4218.386950,4237.016450,246.612701,5.820433,4198.484000,4203.523500,4212.955000,535.890500,4198.083500,0.000000
phase2_comm_r1_S03_CONFIRM_p4_m2048_n2048_k2048_q8_comm_C1_RING_SIMPLE_CH4,phase2_comm,1,S03_CONFIRM,2048,2048,2048,8,comm,C1_RING_SIMPLE_CH4,0,80,80,/root/private_data/lyc/2ndpaper/results/k500sm_ai_gfx928_4gpu/phase2_release_curve_20260831_105000/cases/phase2_comm_r1_S03_CONFIRM_p4_m2048_n2048_k2048_q8_comm_C1_RING_SIMPLE_CH4/raw_global_samples.csv,4203.116050,4207.604500,4214.804000,4208.500950,6.019459,0.143031,4197.668050,4202.008500,4209.212000,535.490000,4196.564500,0.000000
phase2_comm_r1_S03_CONFIRM_p4_m2048_n2048_k2048_q8_comm_C2_RING_SIMPLE_CH8,phase2_comm,1,S03_CONFIRM,2048,2048,2048,8,comm,C2_RING_SIMPLE_CH8,0,80,80,/root/private_data/lyc/2ndpaper/results/k500sm_ai_gfx928_4gpu/phase2_release_curve_20260831_105000/cases/phase2_comm_r1_S03_CONFIRM_p4_m2048_n2048_k2048_q8_comm_C2_RING_SIMPLE_CH8/raw_global_samples.csv,4168.077150,4171.606000,4197.716000,4230.450988,353.667029,8.360031,4162.630150,4166.166000,4192.124000,531.651000,4160.726000,0.000000
phase2_comm_r2_S03_CONFIRM_p4_m2048_n2048_k2048_q2_comm_C0_DEFAULT,phase2_comm,2,S03_CONFIRM,2048,2048,2048,2,comm,C0_DEFAULT,0,80,80,/root/private_data/lyc/2ndpaper/results/k500sm_ai_gfx928_4gpu/phase2_release_curve_20260831_105000/cases/phase2_comm_r2_S03_CONFIRM_p4_m2048_n2048_k2048_q2_comm_C0_DEFAULT/raw_global_samples.csv,3961.681950,3969.056500,3990.863050,3978.609263,46.398513,1.166199,3956.089950,3963.617000,3985.423050,1985.168000,3958.097500,0.000000
phase2_comm_r2_S03_CONFIRM_p4_m2048_n2048_k2048_q2_comm_C1_RING_SIMPLE_CH4,phase2_comm,2,S03_CONFIRM,2048,2048,2048,2,comm,C1_RING_SIMPLE_CH4,0,80,80,/root/private_data/lyc/2ndpaper/results/k500sm_ai_gfx928_4gpu/phase2_release_curve_20260831_105000/cases/phase2_comm_r2_S03_CONFIRM_p4_m2048_n2048_k2048_q2_comm_C1_RING_SIMPLE_CH4/raw_global_samples.csv,3960.410000,3965.777500,3982.608950,3969.375863,21.038403,0.530018,3954.810000,3960.338000,3977.161000,1983.490500,3954.898000,0.000000
phase2_comm_r2_S03_CONFIRM_p4_m2048_n2048_k2048_q2_comm_C2_RING_SIMPLE_CH8,phase2_comm,2,S03_CONFIRM,2048,2048,2048,2,comm,C2_RING_SIMPLE_CH8,0,80,80,/root/private_data/lyc/2ndpaper/results/k500sm_ai_gfx928_4gpu/phase2_release_curve_20260831_105000/cases/phase2_comm_r2_S03_CONFIRM_p4_m2048_n2048_k2048_q2_comm_C2_RING_SIMPLE_CH8/raw_global_samples.csv,3889.547650,3898.821000,3997.861650,3911.137187,38.597987,0.986874,3883.948600,3893.141000,3992.421650,1949.810500,3887.702000,0.000000
phase2_comm_r2_S03_CONFIRM_p4_m2048_n2048_k2048_q8_comm_C0_DEFAULT,phase2_comm,2,S03_CONFIRM,2048,2048,2048,8,comm,C0_DEFAULT,0,80,80,/root/private_data/lyc/2ndpaper/results/k500sm_ai_gfx928_4gpu/phase2_release_curve_20260831_105000/cases/phase2_comm_r2_S03_CONFIRM_p4_m2048_n2048_k2048_q8_comm_C0_DEFAULT/raw_global_samples.csv,4206.155050,4211.763500,4329.742250,4284.443775,346.993625,8.098919,4200.564000,4206.244000,4323.990300,536.370000,4200.648000,0.000000
phase2_comm_r2_S03_CONFIRM_p4_m2048_n2048_k2048_q8_comm_C1_RING_SIMPLE_CH4,phase2_comm,2,S03_CONFIRM,2048,2048,2048,8,comm,C1_RING_SIMPLE_CH4,0,80,80,/root/private_data/lyc/2ndpaper/results/k500sm_ai_gfx928_4gpu/phase2_release_curve_20260831_105000/cases/phase2_comm_r2_S03_CONFIRM_p4_m2048_n2048_k2048_q8_comm_C1_RING_SIMPLE_CH4/raw_global_samples.csv,4205.684000,4210.403500,4271.048950,4245.638375,257.221724,6.058493,4200.236050,4204.803500,4265.608950,535.810000,4199.284000,0.000000
phase2_comm_r2_S03_CONFIRM_p4_m2048_n2048_k2048_q8_comm_C2_RING_SIMPLE_CH8,phase2_comm,2,S03_CONFIRM,2048,2048,2048,8,comm,C2_RING_SIMPLE_CH8,0,80,80,/root/private_data/lyc/2ndpaper/results/k500sm_ai_gfx928_4gpu/phase2_release_curve_20260831_105000/cases/phase2_comm_r2_S03_CONFIRM_p4_m2048_n2048_k2048_q8_comm_C2_RING_SIMPLE_CH8/raw_global_samples.csv,4170.171350,4174.395500,4201.793050,4214.445362,265.599098,6.302113,4164.721350,4168.873500,4196.199050,531.939500,4163.431500,0.000000
phase2_comm_r3_S03_CONFIRM_p4_m2048_n2048_k2048_q2_comm_C0_DEFAULT,phase2_comm,3,S03_CONFIRM,2048,2048,2048,2,comm,C0_DEFAULT,0,80,80,/root/private_data/lyc/2ndpaper/results/k500sm_ai_gfx928_4gpu/phase2_release_curve_20260831_105000/cases/phase2_comm_r3_S03_CONFIRM_p4_m2048_n2048_k2048_q2_comm_C0_DEFAULT/raw_global_samples.csv,3960.257000,3968.417000,4002.240300,3978.173387,52.819413,1.327730,3954.809950,3962.817000,3996.792300,1985.169000,3957.377500,0.000000
phase2_comm_r3_S03_CONFIRM_p4_m2048_n2048_k2048_q2_comm_C1_RING_SIMPLE_CH4,phase2_comm,3,S03_CONFIRM,2048,2048,2048,2,comm,C1_RING_SIMPLE_CH4,0,80,80,/root/private_data/lyc/2ndpaper/results/k500sm_ai_gfx928_4gpu/phase2_release_curve_20260831_105000/cases/phase2_comm_r3_S03_CONFIRM_p4_m2048_n2048_k2048_q2_comm_C1_RING_SIMPLE_CH4/raw_global_samples.csv,3958.305350,3966.421000,3976.281000,3966.741800,5.415138,0.136513,3952.858350,3960.897500,3970.681050,1984.448500,3955.301500,0.000000
phase2_comm_r3_S03_CONFIRM_p4_m2048_n2048_k2048_q2_comm_C2_RING_SIMPLE_CH8,phase2_comm,3,S03_CONFIRM,2048,2048,2048,2,comm,C2_RING_SIMPLE_CH8,0,80,80,/root/private_data/lyc/2ndpaper/results/k500sm_ai_gfx928_4gpu/phase2_release_curve_20260831_105000/cases/phase2_comm_r3_S03_CONFIRM_p4_m2048_n2048_k2048_q2_comm_C2_RING_SIMPLE_CH8/raw_global_samples.csv,3887.758000,3893.860000,3908.772050,3926.915562,284.564560,7.246516,3882.158000,3888.421000,3903.317000,1947.410500,3883.141000,0.000000
phase2_comm_r3_S03_CONFIRM_p4_m2048_n2048_k2048_q8_comm_C0_DEFAULT,phase2_comm,3,S03_CONFIRM,2048,2048,2048,8,comm,C0_DEFAULT,0,80,80,/root/private_data/lyc/2ndpaper/results/k500sm_ai_gfx928_4gpu/phase2_release_curve_20260831_105000/cases/phase2_comm_r3_S03_CONFIRM_p4_m2048_n2048_k2048_q8_comm_C0_DEFAULT/raw_global_samples.csv,4209.828300,4219.363500,4249.769900,4273.108987,325.610523,7.619991,4204.228300,4213.764000,4244.321900,537.170500,4208.244000,0.000000
phase2_comm_r3_S03_CONFIRM_p4_m2048_n2048_k2048_q8_comm_C1_RING_SIMPLE_CH4,phase2_comm,3,S03_CONFIRM,2048,2048,2048,8,comm,C1_RING_SIMPLE_CH4,0,80,80,/root/private_data/lyc/2ndpaper/results/k500sm_ai_gfx928_4gpu/phase2_release_curve_20260831_105000/cases/phase2_comm_r3_S03_CONFIRM_p4_m2048_n2048_k2048_q8_comm_C1_RING_SIMPLE_CH4/raw_global_samples.csv,4203.437000,4208.084000,4223.899000,4240.926900,272.559944,6.426896,4197.997950,4202.644000,4218.299950,535.730000,4197.124500,0.000000
phase2_comm_r3_S03_CONFIRM_p4_m2048_n2048_k2048_q8_comm_C2_RING_SIMPLE_CH8,phase2_comm,3,S03_CONFIRM,2048,2048,2048,8,comm,C2_RING_SIMPLE_CH8,0,80,80,/root/private_data/lyc/2ndpaper/results/k500sm_ai_gfx928_4gpu/phase2_release_curve_20260831_105000/cases/phase2_comm_r3_S03_CONFIRM_p4_m2048_n2048_k2048_q8_comm_C2_RING_SIMPLE_CH8/raw_global_samples.csv,4168.862900,4178.805000,4272.376050,4246.324037,347.153589,8.175391,4163.262900,4173.206000,4266.936050,532.130000,4167.606500,0.000000
phase2_comm_r4_S03_CONFIRM_p4_m2048_n2048_k2048_q2_comm_C0_DEFAULT,phase2_comm,4,S03_CONFIRM,2048,2048,2048,2,comm,C0_DEFAULT,0,80,80,/root/private_data/lyc/2ndpaper/results/k500sm_ai_gfx928_4gpu/phase2_release_curve_20260831_105000/cases/phase2_comm_r4_S03_CONFIRM_p4_m2048_n2048_k2048_q2_comm_C0_DEFAULT/raw_global_samples.csv,3959.553050,3967.137000,3998.104950,4000.316162,276.852098,6.920755,3954.106050,3961.698000,3992.657950,1984.528500,3956.178000,0.000000
phase2_comm_r4_S03_CONFIRM_p4_m2048_n2048_k2048_q2_comm_C1_RING_SIMPLE_CH4,phase2_comm,4,S03_CONFIRM,2048,2048,2048,2,comm,C1_RING_SIMPLE_CH4,0,80,80,/root/private_data/lyc/2ndpaper/results/k500sm_ai_gfx928_4gpu/phase2_release_curve_20260831_105000/cases/phase2_comm_r4_S03_CONFIRM_p4_m2048_n2048_k2048_q2_comm_C1_RING_SIMPLE_CH4/raw_global_samples.csv,3958.169000,3969.058000,3983.232000,3969.957412,8.044166,0.202626,3952.722000,3963.458000,3977.792000,1984.209000,3958.018000,0.000000
phase2_comm_r4_S03_CONFIRM_p4_m2048_n2048_k2048_q2_comm_C2_RING_SIMPLE_CH8,phase2_comm,4,S03_CONFIRM,2048,2048,2048,2,comm,C2_RING_SIMPLE_CH8,0,80,80,/root/private_data/lyc/2ndpaper/results/k500sm_ai_gfx928_4gpu/phase2_release_curve_20260831_105000/cases/phase2_comm_r4_S03_CONFIRM_p4_m2048_n2048_k2048_q2_comm_C2_RING_SIMPLE_CH8/raw_global_samples.csv,3887.422050,3894.742000,3908.620950,3924.213725,260.106396,6.628242,3881.830050,3889.222000,3903.189000,1947.890500,3883.702000,0.000000
phase2_comm_r4_S03_CONFIRM_p4_m2048_n2048_k2048_q8_comm_C0_DEFAULT,phase2_comm,4,S03_CONFIRM,2048,2048,2048,8,comm,C0_DEFAULT,0,80,80,/root/private_data/lyc/2ndpaper/results/k500sm_ai_gfx928_4gpu/phase2_release_curve_20260831_105000/cases/phase2_comm_r4_S03_CONFIRM_p4_m2048_n2048_k2048_q8_comm_C0_DEFAULT/raw_global_samples.csv,4203.748000,4209.764500,4356.882550,4283.704212,371.626748,8.675360,4198.308000,4204.165000,4351.435550,535.970000,4198.565500,0.000000
phase2_comm_r4_S03_CONFIRM_p4_m2048_n2048_k2048_q8_comm_C1_RING_SIMPLE_CH4,phase2_comm,4,S03_CONFIRM,2048,2048,2048,8,comm,C1_RING_SIMPLE_CH4,0,80,80,/root/private_data/lyc/2ndpaper/results/k500sm_ai_gfx928_4gpu/phase2_release_curve_20260831_105000/cases/phase2_comm_r4_S03_CONFIRM_p4_m2048_n2048_k2048_q8_comm_C1_RING_SIMPLE_CH4/raw_global_samples.csv,4205.028350,4209.043500,4226.234900,4238.471800,243.330813,5.741003,4199.437300,4203.524000,4220.651850,536.450000,4198.084000,0.000000
phase2_comm_r4_S03_CONFIRM_p4_m2048_n2048_k2048_q8_comm_C2_RING_SIMPLE_CH8,phase2_comm,4,S03_CONFIRM,2048,2048,2048,8,comm,C2_RING_SIMPLE_CH8,0,80,80,/root/private_data/lyc/2ndpaper/results/k500sm_ai_gfx928_4gpu/phase2_release_curve_20260831_105000/cases/phase2_comm_r4_S03_CONFIRM_p4_m2048_n2048_k2048_q8_comm_C2_RING_SIMPLE_CH8/raw_global_samples.csv,4168.069050,4174.725500,4261.897000,4238.444137,380.245886,8.971355,4162.622000,4169.126000,4256.305000,531.810500,4163.526500,0.000000
phase2_comm_r5_S03_CONFIRM_p4_m2048_n2048_k2048_q2_comm_C0_DEFAULT,phase2_comm,5,S03_CONFIRM,2048,2048,2048,2,comm,C0_DEFAULT,0,80,80,/root/private_data/lyc/2ndpaper/results/k500sm_ai_gfx928_4gpu/phase2_release_curve_20260831_105000/cases/phase2_comm_r5_S03_CONFIRM_p4_m2048_n2048_k2048_q2_comm_C0_DEFAULT/raw_global_samples.csv,3962.329950,3972.097000,4191.636050,3996.347900,68.777166,1.721000,3956.890000,3966.657500,4186.037000,1986.768500,3961.217500,0.000000
phase2_comm_r5_S03_CONFIRM_p4_m2048_n2048_k2048_q2_comm_C1_RING_SIMPLE_CH4,phase2_comm,5,S03_CONFIRM,2048,2048,2048,2,comm,C1_RING_SIMPLE_CH4,0,80,80,/root/private_data/lyc/2ndpaper/results/k500sm_ai_gfx928_4gpu/phase2_release_curve_20260831_105000/cases/phase2_comm_r5_S03_CONFIRM_p4_m2048_n2048_k2048_q2_comm_C1_RING_SIMPLE_CH4/raw_global_samples.csv,3961.218000,3970.260000,4200.323000,4012.846275,89.581519,2.232369,3955.770950,3964.661000,4194.884000,1985.808500,3959.221500,0.000000
phase2_comm_r5_S03_CONFIRM_p4_m2048_n2048_k2048_q2_comm_C2_RING_SIMPLE_CH8,phase2_comm,5,S03_CONFIRM,2048,2048,2048,2,comm,C2_RING_SIMPLE_CH8,0,80,80,/root/private_data/lyc/2ndpaper/results/k500sm_ai_gfx928_4gpu/phase2_release_curve_20260831_105000/cases/phase2_comm_r5_S03_CONFIRM_p4_m2048_n2048_k2048_q2_comm_C2_RING_SIMPLE_CH8/raw_global_samples.csv,3887.749100,3895.301500,3911.955950,3950.356275,340.306818,8.614585,3882.309100,3889.781000,3906.516000,1949.010000,3884.341500,0.000000
phase2_comm_r5_S03_CONFIRM_p4_m2048_n2048_k2048_q8_comm_C0_DEFAULT,phase2_comm,5,S03_CONFIRM,2048,2048,2048,8,comm,C0_DEFAULT,0,80,80,/root/private_data/lyc/2ndpaper/results/k500sm_ai_gfx928_4gpu/phase2_release_curve_20260831_105000/cases/phase2_comm_r5_S03_CONFIRM_p4_m2048_n2048_k2048_q8_comm_C0_DEFAULT/raw_global_samples.csv,4204.244950,4209.763500,4236.530200,4244.798088,256.946025,6.053198,4198.796050,4204.244000,4231.090200,537.090000,4198.804000,0.000000
phase2_comm_r5_S03_CONFIRM_p4_m2048_n2048_k2048_q8_comm_C1_RING_SIMPLE_CH4,phase2_comm,5,S03_CONFIRM,2048,2048,2048,8,comm,C1_RING_SIMPLE_CH4,0,80,80,/root/private_data/lyc/2ndpaper/results/k500sm_ai_gfx928_4gpu/phase2_release_curve_20260831_105000/cases/phase2_comm_r5_S03_CONFIRM_p4_m2048_n2048_k2048_q8_comm_C1_RING_SIMPLE_CH4/raw_global_samples.csv,4203.603950,4207.604000,4220.531050,4239.826350,265.066373,6.251821,4198.164950,4202.004500,4214.931050,535.650000,4196.644500,0.000000
phase2_comm_r5_S03_CONFIRM_p4_m2048_n2048_k2048_q8_comm_C2_RING_SIMPLE_CH8,phase2_comm,5,S03_CONFIRM,2048,2048,2048,8,comm,C2_RING_SIMPLE_CH8,0,80,80,/root/private_data/lyc/2ndpaper/results/k500sm_ai_gfx928_4gpu/phase2_release_curve_20260831_105000/cases/phase2_comm_r5_S03_CONFIRM_p4_m2048_n2048_k2048_q8_comm_C2_RING_SIMPLE_CH8/raw_global_samples.csv,4168.092700,4173.525500,4199.508000,4230.422763,341.477166,8.071940,4162.646950,4168.005000,4194.220000,531.730500,4162.485500,0.000000
phase2_gemm_r1_S03_CONFIRM_p4_m2048_n2048_k2048_q2_gemm_C0_DEFAULT,phase2_gemm,1,S03_CONFIRM,2048,2048,2048,2,gemm,C0_DEFAULT,0,80,80,/root/private_data/lyc/2ndpaper/results/k500sm_ai_gfx928_4gpu/phase2_release_curve_20260831_105000/cases/phase2_gemm_r1_S03_CONFIRM_p4_m2048_n2048_k2048_q2_gemm_C0_DEFAULT/raw_global_samples.csv,2471.824150,2622.848000,2647.118250,2607.671162,49.670393,1.904780,2466.014100,2616.925000,2641.195250,0.000000,0.000000,2487.748000
phase2_gemm_r1_S03_CONFIRM_p4_m2048_n2048_k2048_q8_gemm_C0_DEFAULT,phase2_gemm,1,S03_CONFIRM,2048,2048,2048,8,gemm,C0_DEFAULT,0,80,80,/root/private_data/lyc/2ndpaper/results/k500sm_ai_gfx928_4gpu/phase2_release_curve_20260831_105000/cases/phase2_gemm_r1_S03_CONFIRM_p4_m2048_n2048_k2048_q8_gemm_C0_DEFAULT/raw_global_samples.csv,3504.635150,3538.897500,3557.163000,3535.948450,16.848132,0.476481,3499.033150,3533.295500,3551.553000,0.000000,0.000000,3413.177500
phase2_gemm_r2_S03_CONFIRM_p4_m2048_n2048_k2048_q2_gemm_C0_DEFAULT,phase2_gemm,2,S03_CONFIRM,2048,2048,2048,2,gemm,C0_DEFAULT,0,80,80,/root/private_data/lyc/2ndpaper/results/k500sm_ai_gfx928_4gpu/phase2_release_curve_20260831_105000/cases/phase2_gemm_r2_S03_CONFIRM_p4_m2048_n2048_k2048_q2_gemm_C0_DEFAULT/raw_global_samples.csv,2459.726050,2620.416000,2645.175950,2607.934062,50.773590,1.946889,2454.126050,2614.333500,2639.256000,0.000000,0.000000,2485.383000
phase2_gemm_r2_S03_CONFIRM_p4_m2048_n2048_k2048_q8_gemm_C0_DEFAULT,phase2_gemm,2,S03_CONFIRM,2048,2048,2048,8,gemm,C0_DEFAULT,0,80,80,/root/private_data/lyc/2ndpaper/results/k500sm_ai_gfx928_4gpu/phase2_release_curve_20260831_105000/cases/phase2_gemm_r2_S03_CONFIRM_p4_m2048_n2048_k2048_q8_gemm_C0_DEFAULT/raw_global_samples.csv,3505.876250,3539.727500,3555.518050,3562.448337,234.868451,6.592894,3500.281950,3534.048000,3549.918050,0.000000,0.000000,3416.691000
phase2_gemm_r3_S03_CONFIRM_p4_m2048_n2048_k2048_q2_gemm_C0_DEFAULT,phase2_gemm,3,S03_CONFIRM,2048,2048,2048,2,gemm,C0_DEFAULT,0,80,80,/root/private_data/lyc/2ndpaper/results/k500sm_ai_gfx928_4gpu/phase2_release_curve_20260831_105000/cases/phase2_gemm_r3_S03_CONFIRM_p4_m2048_n2048_k2048_q2_gemm_C0_DEFAULT/raw_global_samples.csv,2483.820050,2619.778000,2651.008000,2602.834450,53.522540,2.056317,2478.221000,2613.778000,2645.088000,0.000000,0.000000,2482.023000
phase2_gemm_r3_S03_CONFIRM_p4_m2048_n2048_k2048_q8_gemm_C0_DEFAULT,phase2_gemm,3,S03_CONFIRM,2048,2048,2048,8,gemm,C0_DEFAULT,0,80,80,/root/private_data/lyc/2ndpaper/results/k500sm_ai_gfx928_4gpu/phase2_release_curve_20260831_105000/cases/phase2_gemm_r3_S03_CONFIRM_p4_m2048_n2048_k2048_q8_gemm_C0_DEFAULT/raw_global_samples.csv,3502.195000,3534.527500,3550.222950,3557.721700,239.468416,6.730949,3496.755000,3528.688000,3544.471000,0.000000,0.000000,3412.054000
phase2_h0_r1_S03_CONFIRM_p4_m2048_n2048_k2048_q2_h0_C0_DEFAULT,phase2_h0,1,S03_CONFIRM,2048,2048,2048,2,h0,C0_DEFAULT,0,80,80,/root/private_data/lyc/2ndpaper/results/k500sm_ai_gfx928_4gpu/phase2_release_curve_20260831_105000/cases/phase2_h0_r1_S03_CONFIRM_p4_m2048_n2048_k2048_q2_h0_C0_DEFAULT/raw_global_samples.csv,5317.558050,5342.021500,5363.619850,5373.502025,273.061666,5.081633,4150.095000,4166.166500,4191.412100,2036.605500,4159.687000,3297.575500
phase2_h0_r1_S03_CONFIRM_p4_m2048_n2048_k2048_q2_h0_C1_RING_SIMPLE_CH4,phase2_h0,1,S03_CONFIRM,2048,2048,2048,2,h0,C1_RING_SIMPLE_CH4,0,80,80,/root/private_data/lyc/2ndpaper/results/k500sm_ai_gfx928_4gpu/phase2_release_curve_20260831_105000/cases/phase2_h0_r1_S03_CONFIRM_p4_m2048_n2048_k2048_q2_h0_C1_RING_SIMPLE_CH4/raw_global_samples.csv,5319.149950,5339.300500,5403.088400,5408.632013,351.432422,6.497621,4147.574950,4166.646000,4203.740850,2036.845500,4160.326500,3296.697500
phase2_h0_r1_S03_CONFIRM_p4_m2048_n2048_k2048_q2_h0_C2_RING_SIMPLE_CH8,phase2_h0,1,S03_CONFIRM,2048,2048,2048,2,h0,C2_RING_SIMPLE_CH8,0,80,80,/root/private_data/lyc/2ndpaper/results/k500sm_ai_gfx928_4gpu/phase2_release_curve_20260831_105000/cases/phase2_h0_r1_S03_CONFIRM_p4_m2048_n2048_k2048_q2_h0_C2_RING_SIMPLE_CH8/raw_global_samples.csv,5129.179000,5147.324000,5210.439450,5210.710100,367.498848,7.052759,3959.916900,3971.922000,4000.078900,2001.367500,3965.519000,3138.515000
phase2_h0_r1_S03_CONFIRM_p4_m2048_n2048_k2048_q8_h0_C0_DEFAULT,phase2_h0,1,S03_CONFIRM,2048,2048,2048,8,h0,C0_DEFAULT,0,80,80,/root/private_data/lyc/2ndpaper/results/k500sm_ai_gfx928_4gpu/phase2_release_curve_20260831_105000/cases/phase2_h0_r1_S03_CONFIRM_p4_m2048_n2048_k2048_q8_h0_C0_DEFAULT/raw_global_samples.csv,5154.880350,5167.710500,5269.688850,5255.616187,422.633298,8.041556,4476.604050,4491.508500,4598.837900,563.888500,4485.349500,4598.062000
phase2_h0_r1_S03_CONFIRM_p4_m2048_n2048_k2048_q8_h0_C1_RING_SIMPLE_CH4,phase2_h0,1,S03_CONFIRM,2048,2048,2048,8,h0,C1_RING_SIMPLE_CH4,0,80,80,/root/private_data/lyc/2ndpaper/results/k500sm_ai_gfx928_4gpu/phase2_release_curve_20260831_105000/cases/phase2_h0_r1_S03_CONFIRM_p4_m2048_n2048_k2048_q8_h0_C1_RING_SIMPLE_CH4/raw_global_samples.csv,5165.221150,5185.790000,5205.676000,5186.899375,21.101959,0.406832,4487.900050,4506.227500,4524.506050,577.567500,4500.228000,4605.182000
phase2_h0_r1_S03_CONFIRM_p4_m2048_n2048_k2048_q8_h0_C2_RING_SIMPLE_CH8,phase2_h0,1,S03_CONFIRM,2048,2048,2048,8,h0,C2_RING_SIMPLE_CH8,0,80,80,/root/private_data/lyc/2ndpaper/results/k500sm_ai_gfx928_4gpu/phase2_release_curve_20260831_105000/cases/phase2_h0_r1_S03_CONFIRM_p4_m2048_n2048_k2048_q8_h0_C2_RING_SIMPLE_CH8/raw_global_samples.csv,5526.754300,5541.994500,5579.165150,5633.062988,471.209803,8.365073,4374.164550,4386.713000,4413.397000,561.366000,4380.773500,4973.030000
phase2_h0_r2_S03_CONFIRM_p4_m2048_n2048_k2048_q2_h0_C0_DEFAULT,phase2_h0,2,S03_CONFIRM,2048,2048,2048,2,h0,C0_DEFAULT,0,80,80,/root/private_data/lyc/2ndpaper/results/k500sm_ai_gfx928_4gpu/phase2_release_curve_20260831_105000/cases/phase2_h0_r2_S03_CONFIRM_p4_m2048_n2048_k2048_q2_h0_C0_DEFAULT/raw_global_samples.csv,5318.846000,5336.739500,5372.522500,5371.925963,280.983579,5.230593,4146.752000,4162.806500,4193.460450,2035.886000,4156.646500,3295.015000
phase2_h0_r2_S03_CONFIRM_p4_m2048_n2048_k2048_q2_h0_C1_RING_SIMPLE_CH4,phase2_h0,2,S03_CONFIRM,2048,2048,2048,2,h0,C1_RING_SIMPLE_CH4,0,80,80,/root/private_data/lyc/2ndpaper/results/k500sm_ai_gfx928_4gpu/phase2_release_curve_20260831_105000/cases/phase2_h0_r2_S03_CONFIRM_p4_m2048_n2048_k2048_q2_h0_C1_RING_SIMPLE_CH4/raw_global_samples.csv,5315.374450,5345.460000,5397.472000,5379.285138,271.608426,5.049155,4149.335050,4171.524500,4202.443950,2040.286000,4165.046000,3299.737500
phase2_h0_r2_S03_CONFIRM_p4_m2048_n2048_k2048_q2_h0_C2_RING_SIMPLE_CH8,phase2_h0,2,S03_CONFIRM,2048,2048,2048,2,h0,C2_RING_SIMPLE_CH8,0,80,80,/root/private_data/lyc/2ndpaper/results/k500sm_ai_gfx928_4gpu/phase2_release_curve_20260831_105000/cases/phase2_h0_r2_S03_CONFIRM_p4_m2048_n2048_k2048_q2_h0_C2_RING_SIMPLE_CH8/raw_global_samples.csv,5131.308900,5147.323500,5181.563300,5228.986600,411.012956,7.860279,3961.421050,3971.681500,3989.137250,2003.048500,3965.680000,3138.115000
phase2_h0_r2_S03_CONFIRM_p4_m2048_n2048_k2048_q8_h0_C0_DEFAULT,phase2_h0,2,S03_CONFIRM,2048,2048,2048,8,h0,C0_DEFAULT,0,80,80,/root/private_data/lyc/2ndpaper/results/k500sm_ai_gfx928_4gpu/phase2_release_curve_20260831_105000/cases/phase2_h0_r2_S03_CONFIRM_p4_m2048_n2048_k2048_q8_h0_C0_DEFAULT/raw_global_samples.csv,5153.648000,5166.033500,5193.452000,5234.477700,405.318809,7.743252,4478.909300,4488.388500,4518.154000,560.608500,4482.312500,4597.742000
phase2_h0_r2_S03_CONFIRM_p4_m2048_n2048_k2048_q8_h0_C1_RING_SIMPLE_CH4,phase2_h0,2,S03_CONFIRM,2048,2048,2048,8,h0,C1_RING_SIMPLE_CH4,0,80,80,/root/private_data/lyc/2ndpaper/results/k500sm_ai_gfx928_4gpu/phase2_release_curve_20260831_105000/cases/phase2_h0_r2_S03_CONFIRM_p4_m2048_n2048_k2048_q8_h0_C1_RING_SIMPLE_CH4/raw_global_samples.csv,5157.750950,5172.590000,5199.588950,5203.169375,249.789873,4.800725,4482.492400,4495.508000,4513.491850,563.408500,4489.428000,4601.023000
phase2_h0_r2_S03_CONFIRM_p4_m2048_n2048_k2048_q8_h0_C2_RING_SIMPLE_CH8,phase2_h0,2,S03_CONFIRM,2048,2048,2048,8,h0,C2_RING_SIMPLE_CH8,0,80,80,/root/private_data/lyc/2ndpaper/results/k500sm_ai_gfx928_4gpu/phase2_release_curve_20260831_105000/cases/phase2_h0_r2_S03_CONFIRM_p4_m2048_n2048_k2048_q8_h0_C2_RING_SIMPLE_CH8/raw_global_samples.csv,5529.284950,5542.699000,5566.542000,5575.774475,286.163001,5.132256,4377.926000,4388.267000,4407.627050,560.809000,4382.184500,4973.486000
phase2_h0_r3_S03_CONFIRM_p4_m2048_n2048_k2048_q2_h0_C0_DEFAULT,phase2_h0,3,S03_CONFIRM,2048,2048,2048,2,h0,C0_DEFAULT,0,80,80,/root/private_data/lyc/2ndpaper/results/k500sm_ai_gfx928_4gpu/phase2_release_curve_20260831_105000/cases/phase2_h0_r3_S03_CONFIRM_p4_m2048_n2048_k2048_q2_h0_C0_DEFAULT/raw_global_samples.csv,5321.621500,5341.059500,5391.288750,5389.497788,272.688786,5.059633,4150.911050,4166.725500,4221.162750,2036.925500,4160.166000,3295.815000
phase2_h0_r3_S03_CONFIRM_p4_m2048_n2048_k2048_q2_h0_C1_RING_SIMPLE_CH4,phase2_h0,3,S03_CONFIRM,2048,2048,2048,2,h0,C1_RING_SIMPLE_CH4,0,80,80,/root/private_data/lyc/2ndpaper/results/k500sm_ai_gfx928_4gpu/phase2_release_curve_20260831_105000/cases/phase2_h0_r3_S03_CONFIRM_p4_m2048_n2048_k2048_q2_h0_C1_RING_SIMPLE_CH4/raw_global_samples.csv,5324.893000,5344.180000,5431.592000,5386.759125,244.678364,4.542218,4154.127900,4171.445500,4266.111600,2040.125000,4165.126500,3300.617500
phase2_h0_r3_S03_CONFIRM_p4_m2048_n2048_k2048_q2_h0_C2_RING_SIMPLE_CH8,phase2_h0,3,S03_CONFIRM,2048,2048,2048,2,h0,C2_RING_SIMPLE_CH8,0,80,80,/root/private_data/lyc/2ndpaper/results/k500sm_ai_gfx928_4gpu/phase2_release_curve_20260831_105000/cases/phase2_h0_r3_S03_CONFIRM_p4_m2048_n2048_k2048_q2_h0_C2_RING_SIMPLE_CH8/raw_global_samples.csv,5125.840100,5148.427500,5196.298700,5202.518963,294.484237,5.660416,3958.757750,3970.674000,4014.826000,2000.059500,3964.359500,3140.607500
phase2_h0_r3_S03_CONFIRM_p4_m2048_n2048_k2048_q8_h0_C0_DEFAULT,phase2_h0,3,S03_CONFIRM,2048,2048,2048,8,h0,C0_DEFAULT,0,80,80,/root/private_data/lyc/2ndpaper/results/k500sm_ai_gfx928_4gpu/phase2_release_curve_20260831_105000/cases/phase2_h0_r3_S03_CONFIRM_p4_m2048_n2048_k2048_q8_h0_C0_DEFAULT/raw_global_samples.csv,5148.911000,5166.674500,5185.764950,5203.037000,260.908265,5.014538,4476.070900,4488.868500,4506.810950,561.408500,4482.869500,4598.066000
phase2_h0_r3_S03_CONFIRM_p4_m2048_n2048_k2048_q8_h0_C1_RING_SIMPLE_CH4,phase2_h0,3,S03_CONFIRM,2048,2048,2048,8,h0,C1_RING_SIMPLE_CH4,0,80,80,/root/private_data/lyc/2ndpaper/results/k500sm_ai_gfx928_4gpu/phase2_release_curve_20260831_105000/cases/phase2_h0_r3_S03_CONFIRM_p4_m2048_n2048_k2048_q8_h0_C1_RING_SIMPLE_CH4/raw_global_samples.csv,5156.991500,5169.310000,5188.381950,5173.549650,35.721017,0.690455,4481.771650,4490.632000,4502.892950,563.648500,4484.632500,4595.743500
phase2_h0_r3_S03_CONFIRM_p4_m2048_n2048_k2048_q8_h0_C2_RING_SIMPLE_CH8,phase2_h0,3,S03_CONFIRM,2048,2048,2048,8,h0,C2_RING_SIMPLE_CH8,0,80,80,/root/private_data/lyc/2ndpaper/results/k500sm_ai_gfx928_4gpu/phase2_release_curve_20260831_105000/cases/phase2_h0_r3_S03_CONFIRM_p4_m2048_n2048_k2048_q8_h0_C2_RING_SIMPLE_CH8/raw_global_samples.csv,5522.464300,5537.037500,5559.943450,5591.746038,338.487377,6.053340,4371.666300,4383.699500,4399.448650,560.995500,4377.905500,4972.592500
phase2_h0_r4_S03_CONFIRM_p4_m2048_n2048_k2048_q2_h0_C0_DEFAULT,phase2_h0,4,S03_CONFIRM,2048,2048,2048,2,h0,C0_DEFAULT,0,80,80,/root/private_data/lyc/2ndpaper/results/k500sm_ai_gfx928_4gpu/phase2_release_curve_20260831_105000/cases/phase2_h0_r4_S03_CONFIRM_p4_m2048_n2048_k2048_q2_h0_C0_DEFAULT/raw_global_samples.csv,5318.038000,5338.505000,5366.739050,5338.670713,15.284355,0.286295,4149.789200,4164.007000,4183.989900,2036.845500,4158.166500,3296.218000
phase2_h0_r4_S03_CONFIRM_p4_m2048_n2048_k2048_q2_h0_C1_RING_SIMPLE_CH4,phase2_h0,4,S03_CONFIRM,2048,2048,2048,2,h0,C1_RING_SIMPLE_CH4,0,80,80,/root/private_data/lyc/2ndpaper/results/k500sm_ai_gfx928_4gpu/phase2_release_curve_20260831_105000/cases/phase2_h0_r4_S03_CONFIRM_p4_m2048_n2048_k2048_q2_h0_C1_RING_SIMPLE_CH4/raw_global_samples.csv,5317.238400,5336.100000,5357.915950,5337.129813,12.243915,0.229410,4148.198950,4163.446500,4184.421000,2035.725000,4157.286500,3295.495000
phase2_h0_r4_S03_CONFIRM_p4_m2048_n2048_k2048_q2_h0_C2_RING_SIMPLE_CH8,phase2_h0,4,S03_CONFIRM,2048,2048,2048,2,h0,C2_RING_SIMPLE_CH8,0,80,80,/root/private_data/lyc/2ndpaper/results/k500sm_ai_gfx928_4gpu/phase2_release_curve_20260831_105000/cases/phase2_h0_r4_S03_CONFIRM_p4_m2048_n2048_k2048_q2_h0_C2_RING_SIMPLE_CH8/raw_global_samples.csv,5131.208050,5148.030000,5175.653050,5210.891588,394.631480,7.573205,3958.249950,3973.297000,3994.823000,2005.567500,3967.057000,3136.387000
phase2_h0_r4_S03_CONFIRM_p4_m2048_n2048_k2048_q8_h0_C0_DEFAULT,phase2_h0,4,S03_CONFIRM,2048,2048,2048,8,h0,C0_DEFAULT,0,80,80,/root/private_data/lyc/2ndpaper/results/k500sm_ai_gfx928_4gpu/phase2_release_curve_20260831_105000/cases/phase2_h0_r4_S03_CONFIRM_p4_m2048_n2048_k2048_q8_h0_C0_DEFAULT/raw_global_samples.csv,5155.519100,5166.831500,5222.890100,5203.853725,250.899682,4.821421,4479.020150,4491.108000,4544.866000,560.528000,4485.187500,4599.026000
phase2_h0_r4_S03_CONFIRM_p4_m2048_n2048_k2048_q8_h0_C1_RING_SIMPLE_CH4,phase2_h0,4,S03_CONFIRM,2048,2048,2048,8,h0,C1_RING_SIMPLE_CH4,0,80,80,/root/private_data/lyc/2ndpaper/results/k500sm_ai_gfx928_4gpu/phase2_release_curve_20260831_105000/cases/phase2_h0_r4_S03_CONFIRM_p4_m2048_n2048_k2048_q8_h0_C1_RING_SIMPLE_CH4/raw_global_samples.csv,5154.735050,5170.190000,5189.493000,5197.077288,238.743165,4.593797,4477.661900,4491.909000,4510.939950,565.408000,4485.909000,4598.863000
phase2_h0_r4_S03_CONFIRM_p4_m2048_n2048_k2048_q8_h0_C2_RING_SIMPLE_CH8,phase2_h0,4,S03_CONFIRM,2048,2048,2048,8,h0,C2_RING_SIMPLE_CH8,0,80,80,/root/private_data/lyc/2ndpaper/results/k500sm_ai_gfx928_4gpu/phase2_release_curve_20260831_105000/cases/phase2_h0_r4_S03_CONFIRM_p4_m2048_n2048_k2048_q8_h0_C2_RING_SIMPLE_CH8/raw_global_samples.csv,5519.211500,5531.768500,5555.097000,5559.491563,241.612473,4.345945,4368.691050,4376.154000,4391.001950,556.128000,4370.154500,4965.490000
phase2_h0_r5_S03_CONFIRM_p4_m2048_n2048_k2048_q2_h0_C0_DEFAULT,phase2_h0,5,S03_CONFIRM,2048,2048,2048,2,h0,C0_DEFAULT,0,80,80,/root/private_data/lyc/2ndpaper/results/k500sm_ai_gfx928_4gpu/phase2_release_curve_20260831_105000/cases/phase2_h0_r5_S03_CONFIRM_p4_m2048_n2048_k2048_q2_h0_C0_DEFAULT/raw_global_samples.csv,5313.118600,5337.940500,5393.337950,5400.720575,338.603721,6.269603,4145.840350,4158.487000,4191.796050,2036.445500,4152.087500,3294.935000
phase2_h0_r5_S03_CONFIRM_p4_m2048_n2048_k2048_q2_h0_C1_RING_SIMPLE_CH4,phase2_h0,5,S03_CONFIRM,2048,2048,2048,2,h0,C1_RING_SIMPLE_CH4,0,80,80,/root/private_data/lyc/2ndpaper/results/k500sm_ai_gfx928_4gpu/phase2_release_curve_20260831_105000/cases/phase2_h0_r5_S03_CONFIRM_p4_m2048_n2048_k2048_q2_h0_C1_RING_SIMPLE_CH4/raw_global_samples.csv,5319.346450,5343.254000,5384.414550,5396.733412,330.177836,6.118105,4151.626500,4167.315000,4199.079350,2039.286500,4161.234500,3300.394500
phase2_h0_r5_S03_CONFIRM_p4_m2048_n2048_k2048_q2_h0_C2_RING_SIMPLE_CH8,phase2_h0,5,S03_CONFIRM,2048,2048,2048,2,h0,C2_RING_SIMPLE_CH8,0,80,80,/root/private_data/lyc/2ndpaper/results/k500sm_ai_gfx928_4gpu/phase2_release_curve_20260831_105000/cases/phase2_h0_r5_S03_CONFIRM_p4_m2048_n2048_k2048_q2_h0_C2_RING_SIMPLE_CH8/raw_global_samples.csv,5129.303050,5144.992000,5255.153000,5207.809225,339.918994,6.527101,3958.009100,3972.817000,4038.645750,2006.047500,3966.417500,3139.267000
phase2_h0_r5_S03_CONFIRM_p4_m2048_n2048_k2048_q8_h0_C0_DEFAULT,phase2_h0,5,S03_CONFIRM,2048,2048,2048,8,h0,C0_DEFAULT,0,80,80,/root/private_data/lyc/2ndpaper/results/k500sm_ai_gfx928_4gpu/phase2_release_curve_20260831_105000/cases/phase2_h0_r5_S03_CONFIRM_p4_m2048_n2048_k2048_q8_h0_C0_DEFAULT/raw_global_samples.csv,5157.152900,5171.469500,5190.901000,5200.770938,247.570461,4.760265,4485.460150,4493.508500,4512.715050,568.448000,4487.588000,4599.826000
phase2_h0_r5_S03_CONFIRM_p4_m2048_n2048_k2048_q8_h0_C1_RING_SIMPLE_CH4,phase2_h0,5,S03_CONFIRM,2048,2048,2048,8,h0,C1_RING_SIMPLE_CH4,0,80,80,/root/private_data/lyc/2ndpaper/results/k500sm_ai_gfx928_4gpu/phase2_release_curve_20260831_105000/cases/phase2_h0_r5_S03_CONFIRM_p4_m2048_n2048_k2048_q8_h0_C1_RING_SIMPLE_CH4/raw_global_samples.csv,5150.574050,5165.070000,5191.588150,5218.948387,337.048208,6.458163,4476.653350,4486.228000,4518.506100,560.928000,4480.308500,4593.903500
phase2_h0_r5_S03_CONFIRM_p4_m2048_n2048_k2048_q8_h0_C2_RING_SIMPLE_CH8,phase2_h0,5,S03_CONFIRM,2048,2048,2048,8,h0,C2_RING_SIMPLE_CH8,0,80,80,/root/private_data/lyc/2ndpaper/results/k500sm_ai_gfx928_4gpu/phase2_release_curve_20260831_105000/cases/phase2_h0_r5_S03_CONFIRM_p4_m2048_n2048_k2048_q8_h0_C2_RING_SIMPLE_CH8/raw_global_samples.csv,5524.002050,5534.329000,5602.805050,5614.412350,390.357151,6.952770,4370.731050,4380.874000,4445.054000,556.929000,4374.954500,4968.921000
