candidate,N,q,path,family,reps,t_done_p50_us,e2e_p50_us,release_last_p50_us,e2e_p05_us,e2e_p95_us,release_gap_us,comm_compute_overlap_us,e2e_p50_stdev_us
C0_DEFAULT,512,2,COMM_ONLY,RCCL,5,535.761,542.080,529.440,538.240,545.120,6.319,6.319,2.448
C0_DEFAULT,512,2,D0_FCOLLECT_SERIAL,DUSHMEM,5,3325.919,4011.756,3320.001,3997.602,4019.117,685.837,685.837,8.132
C0_DEFAULT,512,2,D1W_WAITSTREAM_OVERLAP,DUSHMEM,5,1910.558,1912.400,1432.719,1889.678,2905.681,1.842,1.842,400.706
C0_DEFAULT,512,2,D1_PUSHSIG_OVERLAP,DUSHMEM,5,1889.678,1891.359,1421.041,1871.600,2740.801,1.680,1.680,342.450
C0_DEFAULT,512,2,DC_PUSHSIG_ONLY,DUSHMEM,5,950.480,952.799,944.399,926.399,987.441,2.319,2.319,21.368
C0_DEFAULT,512,2,DS_PUSHSIG_SERIAL,DUSHMEM,5,1885.278,1886.720,1414.798,1870.639,1983.841,1.441,1.441,40.639
C0_DEFAULT,512,2,FC_FCOLLECT_ONLY,DUSHMEM,5,3323.118,3340.159,3334.480,3338.082,3344.402,17.041,17.041,2.079
C0_DEFAULT,512,2,GEMM_ONLY,RCCL,5,777.679,783.439,0.000,783.119,786.639,5.760,5.760,1.328
C0_DEFAULT,512,2,R0_FULL_SERIAL,RCCL,5,521.279,1206.319,514.399,1201.040,1209.760,685.039,685.039,3.289
C0_DEFAULT,512,2,R1_EVENT_OVERLAP,RCCL,5,742.081,1251.040,735.361,1248.319,1256.800,508.959,508.959,2.903
C0_DEFAULT,512,2,RS_SLICE_SERIAL,RCCL,5,928.959,1309.440,922.959,1304.879,1315.440,380.481,380.481,3.449
C0_DEFAULT,512,4,COMM_ONLY,RCCL,5,620.000,625.600,613.920,622.720,626.081,5.601,5.601,1.267
C0_DEFAULT,512,4,D0_FCOLLECT_SERIAL,DUSHMEM,5,3326.880,4014.082,3320.561,4008.077,4018.403,687.202,687.202,3.508
C0_DEFAULT,512,4,D1W_WAITSTREAM_OVERLAP,DUSHMEM,5,2126.722,2132.722,1905.678,2071.199,2154.881,6.000,6.000,27.958
C0_DEFAULT,512,4,D1_PUSHSIG_OVERLAP,DUSHMEM,5,2049.678,2051.918,1849.518,2014.319,2097.601,2.240,2.240,30.515
C0_DEFAULT,512,4,DC_PUSHSIG_ONLY,DUSHMEM,5,1187.359,1195.679,1179.759,1187.519,1267.041,8.320,8.320,29.588
C0_DEFAULT,512,4,DS_PUSHSIG_SERIAL,DUSHMEM,5,1968.558,1970.238,1776.878,1945.119,2043.841,1.680,1.680,33.527
C0_DEFAULT,512,4,FC_FCOLLECT_ONLY,DUSHMEM,5,3323.520,3340.317,3334.640,3338.882,3343.042,16.797,16.797,1.386
C0_DEFAULT,512,4,GEMM_ONLY,RCCL,5,590.159,595.760,0.000,594.399,596.320,5.600,5.600,0.676
C0_DEFAULT,512,4,R0_FULL_SERIAL,RCCL,5,522.080,1209.599,514.800,1202.401,1211.999,687.519,687.519,3.608
C0_DEFAULT,512,4,R1_EVENT_OVERLAP,RCCL,5,778.880,988.958,772.479,986.001,996.241,210.079,210.079,4.328
C0_DEFAULT,512,4,RS_SLICE_SERIAL,RCCL,5,1084.720,1232.399,1078.560,1227.841,1237.039,147.679,147.679,3.153
C0_DEFAULT,512,8,COMM_ONLY,RCCL,5,797.439,803.120,791.679,798.240,806.240,5.680,5.680,3.044
C0_DEFAULT,512,8,D0_FCOLLECT_SERIAL,DUSHMEM,5,3329.038,4013.919,3322.801,4012.957,4015.200,684.881,684.881,0.822
C0_DEFAULT,512,8,D1W_WAITSTREAM_OVERLAP,DUSHMEM,5,3427.438,3436.077,3255.680,3334.800,9283.839,8.640,8.640,2284.300
C0_DEFAULT,512,8,D1_PUSHSIG_OVERLAP,DUSHMEM,5,3222.881,3230.881,3059.601,3166.798,3472.956,8.000,8.000,112.461
C0_DEFAULT,512,8,DC_PUSHSIG_ONLY,DUSHMEM,5,1923.281,1934.401,1920.561,1888.078,1966.958,11.120,11.120,29.169
C0_DEFAULT,512,8,DS_PUSHSIG_SERIAL,DUSHMEM,5,3413.037,3419.277,3064.797,3215.521,5102.878,6.240,6.240,713.275
C0_DEFAULT,512,8,FC_FCOLLECT_ONLY,DUSHMEM,5,3322.082,3339.122,3333.362,3338.158,3341.201,17.040,17.040,1.243
C0_DEFAULT,512,8,GEMM_ONLY,RCCL,5,801.040,806.720,0.000,803.199,807.360,5.680,5.680,1.585
C0_DEFAULT,512,8,R0_FULL_SERIAL,RCCL,5,522.560,1203.919,515.519,1197.519,1209.999,681.360,681.360,4.321
C0_DEFAULT,512,8,R1_EVENT_OVERLAP,RCCL,5,996.881,1283.680,990.961,1273.920,1292.239,286.799,286.799,6.635
C0_DEFAULT,512,8,RS_SLICE_SERIAL,RCCL,5,1569.278,1672.078,1563.039,1663.999,1679.519,102.800,102.800,6.369
C0_DEFAULT,2048,2,COMM_ONLY,RCCL,5,579.520,585.520,573.601,584.000,588.160,6.000,6.000,1.564
C0_DEFAULT,2048,2,D0_FCOLLECT_SERIAL,DUSHMEM,5,3334.642,4697.602,3328.322,4695.039,4704.559,1362.961,1362.961,3.856
C0_DEFAULT,2048,2,D1W_WAITSTREAM_OVERLAP,DUSHMEM,5,2845.598,2845.997,1907.839,2829.918,2868.482,0.399,0.399,12.665
C0_DEFAULT,2048,2,D1_PUSHSIG_OVERLAP,DUSHMEM,5,2800.481,2802.637,1879.120,2790.317,2840.958,2.156,2.156,17.598
C0_DEFAULT,2048,2,DC_PUSHSIG_ONLY,DUSHMEM,5,954.079,958.879,947.360,938.959,985.519,4.800,4.800,16.952
C0_DEFAULT,2048,2,DS_PUSHSIG_SERIAL,DUSHMEM,5,2809.198,2809.438,1889.118,2769.118,2835.282,0.240,0.240,23.901
C0_DEFAULT,2048,2,FC_FCOLLECT_ONLY,DUSHMEM,5,3335.437,3351.997,3346.317,3348.719,3354.802,16.560,16.560,2.139
C0_DEFAULT,2048,2,GEMM_ONLY,RCCL,5,1797.200,1803.120,0.000,1800.640,1805.279,5.919,5.919,1.868
C0_DEFAULT,2048,2,R0_FULL_SERIAL,RCCL,5,538.320,1898.318,531.201,1897.361,1898.800,1359.998,1359.998,0.525
C0_DEFAULT,2048,2,R1_EVENT_OVERLAP,RCCL,5,778.561,2239.440,772.000,2237.520,2242.958,1460.880,1460.880,1.853
C0_DEFAULT,2048,2,RS_SLICE_SERIAL,RCCL,5,1435.680,2283.678,1429.679,2283.198,2287.356,847.998,847.998,1.564
C0_DEFAULT,2048,4,COMM_ONLY,RCCL,5,653.120,658.720,647.200,655.760,661.600,5.600,5.600,1.999
C0_DEFAULT,2048,4,D0_FCOLLECT_SERIAL,DUSHMEM,5,3339.438,4702.962,3333.278,4696.242,4711.522,1363.525,1363.525,4.926
C0_DEFAULT,2048,4,D1W_WAITSTREAM_OVERLAP,DUSHMEM,5,4452.316,4451.677,3648.400,4433.600,4479.520,-0.640,-0.640,15.576
C0_DEFAULT,2048,4,D1_PUSHSIG_OVERLAP,DUSHMEM,5,4337.676,4340.556,3556.877,4330.157,4410.637,2.881,2.881,29.066
C0_DEFAULT,2048,4,DC_PUSHSIG_ONLY,DUSHMEM,5,1261.041,1269.679,1258.240,1200.559,1283.760,8.639,8.639,31.355
C0_DEFAULT,2048,4,DS_PUSHSIG_SERIAL,DUSHMEM,5,4390.479,4392.159,3604.002,4316.157,4419.919,1.681,1.681,35.945
C0_DEFAULT,2048,4,FC_FCOLLECT_ONLY,DUSHMEM,5,3332.079,3349.039,3343.360,3343.599,3353.200,16.960,16.960,3.270
C0_DEFAULT,2048,4,GEMM_ONLY,RCCL,5,2958.958,2964.880,0.000,2962.399,2966.482,5.922,5.922,1.319
C0_DEFAULT,2048,4,R0_FULL_SERIAL,RCCL,5,538.239,1898.159,531.201,1897.919,1898.801,1359.920,1359.920,0.346
C0_DEFAULT,2048,4,R1_EVENT_OVERLAP,RCCL,5,1125.280,3300.638,1109.921,3292.561,3305.278,2175.358,2175.358,4.582
C0_DEFAULT,2048,4,RS_SLICE_SERIAL,RCCL,5,2833.281,3552.720,2827.201,3549.601,3555.919,719.439,719.439,2.000
C0_DEFAULT,2048,8,COMM_ONLY,RCCL,5,823.600,829.280,817.679,827.920,832.160,5.680,5.680,1.630
C0_DEFAULT,2048,8,D0_FCOLLECT_SERIAL,DUSHMEM,5,3339.277,4701.756,3333.122,4698.236,4704.157,1362.479,1362.479,1.913
C0_DEFAULT,2048,8,D1W_WAITSTREAM_OVERLAP,DUSHMEM,5,11652.070,11658.630,9481.044,11169.031,12605.673,6.560,6.560,619.717
C0_DEFAULT,2048,8,D1_PUSHSIG_OVERLAP,DUSHMEM,5,11189.677,11194.640,9588.319,10708.153,11418.639,4.962,4.962,238.645
C0_DEFAULT,2048,8,DC_PUSHSIG_ONLY,DUSHMEM,5,1940.641,1947.282,1933.521,1885.039,2020.319,6.640,6.640,46.198
C0_DEFAULT,2048,8,DS_PUSHSIG_SERIAL,DUSHMEM,5,10873.599,10875.758,9706.793,10518.712,11297.910,2.160,2.160,260.183
C0_DEFAULT,2048,8,FC_FCOLLECT_ONLY,DUSHMEM,5,3333.442,3350.399,3344.720,3346.482,3351.601,16.957,16.957,1.851
C0_DEFAULT,2048,8,GEMM_ONLY,RCCL,5,2997.358,3003.276,0.000,2993.278,3017.998,5.919,5.919,8.739
C0_DEFAULT,2048,8,R0_FULL_SERIAL,RCCL,5,538.719,1899.120,531.919,1898.720,1900.241,1360.400,1360.400,0.584
C0_DEFAULT,2048,8,R1_EVENT_OVERLAP,RCCL,5,1549.759,3417.202,1543.119,3404.082,3420.637,1867.443,1867.443,6.293
C0_DEFAULT,2048,8,RS_SLICE_SERIAL,RCCL,5,3425.039,3787.757,3418.880,3777.677,3803.360,362.718,362.718,8.656
C0_DEFAULT,2048,16,COMM_ONLY,RCCL,5,1100.240,1106.000,1094.081,1099.120,1106.880,5.760,5.760,3.502
C0_DEFAULT,2048,16,D1W_WAITSTREAM_OVERLAP,DUSHMEM,5,16302.556,16304.556,13522.789,13149.209,16441.268,2.000,2.000,1303.076
C0_DEFAULT,2048,16,D1_PUSHSIG_OVERLAP,DUSHMEM,5,15126.237,15129.118,14344.949,14605.767,16115.440,2.880,2.880,603.737
C0_DEFAULT,2048,16,DC_PUSHSIG_ONLY,DUSHMEM,5,3227.598,3238.162,3224.722,3230.721,3297.998,10.564,10.564,24.651
C0_DEFAULT,2048,16,DS_PUSHSIG_SERIAL,DUSHMEM,5,15866.250,15872.569,15282.486,15211.209,16172.227,6.319,6.319,373.584
C0_DEFAULT,2048,16,GEMM_ONLY,RCCL,5,2383.678,2389.279,0.000,2385.038,2391.998,5.601,5.601,2.332
C0_DEFAULT,2048,16,R1_EVENT_OVERLAP,RCCL,5,1429.119,2626.159,1414.238,2617.598,2627.599,1197.040,1197.040,3.563
C0_DEFAULT,2048,16,RS_SLICE_SERIAL,RCCL,5,3448.882,3595.837,3442.882,3595.442,3601.197,146.955,146.955,2.571
C0_DEFAULT,4096,2,COMM_ONLY,RCCL,5,616.480,622.560,610.320,621.280,626.159,6.080,6.080,1.687
C0_DEFAULT,4096,2,D0_FCOLLECT_SERIAL,DUSHMEM,5,3354.079,7189.761,3347.282,7179.919,7200.165,3835.682,3835.682,8.092
C0_DEFAULT,4096,2,D1W_WAITSTREAM_OVERLAP,DUSHMEM,5,4811.763,4817.363,2864.882,4774.396,4855.279,5.600,5.600,35.372
C0_DEFAULT,4096,2,D1_PUSHSIG_OVERLAP,DUSHMEM,5,4782.079,4783.036,2853.119,4755.117,4830.163,0.957,0.957,27.048
C0_DEFAULT,4096,2,DC_PUSHSIG_ONLY,DUSHMEM,5,973.119,975.039,966.879,955.760,1003.679,1.920,1.920,19.848
C0_DEFAULT,4096,2,DS_PUSHSIG_SERIAL,DUSHMEM,5,4742.479,4744.079,2844.322,4727.436,4855.916,1.600,1.600,48.095
C0_DEFAULT,4096,2,FC_FCOLLECT_ONLY,DUSHMEM,5,3344.877,3361.838,3356.080,3358.959,3362.880,16.960,16.960,1.315
C0_DEFAULT,4096,2,GEMM_ONLY,RCCL,5,3931.682,3937.600,0.000,3887.999,3990.399,5.917,5.917,36.560
C0_DEFAULT,4096,2,R0_FULL_SERIAL,RCCL,5,567.280,4326.483,560.400,4248.799,4401.923,3759.203,3759.203,58.741
C0_DEFAULT,4096,2,R1_EVENT_OVERLAP,RCCL,5,825.679,4365.759,818.480,4351.280,4384.160,3540.079,3540.079,12.598
C0_DEFAULT,4096,2,RS_SLICE_SERIAL,RCCL,5,2458.641,4285.279,2452.641,4244.317,4326.079,1826.638,1826.638,32.545
C0_DEFAULT,4096,4,COMM_ONLY,RCCL,5,688.880,694.480,683.040,693.441,696.720,5.600,5.600,1.217
C0_DEFAULT,4096,4,D0_FCOLLECT_SERIAL,DUSHMEM,5,3355.519,7182.553,3349.602,7168.555,7200.474,3827.034,3827.034,10.178
C0_DEFAULT,4096,4,D1W_WAITSTREAM_OVERLAP,DUSHMEM,5,5143.275,5142.876,4160.397,5109.442,5169.435,-0.400,-0.400,19.644
C0_DEFAULT,4096,4,D1_PUSHSIG_OVERLAP,DUSHMEM,5,5045.035,5048.956,4096.399,4998.396,5072.879,3.920,3.920,28.271
C0_DEFAULT,4096,4,DC_PUSHSIG_ONLY,DUSHMEM,5,1234.719,1237.359,1229.519,1199.039,1272.799,2.640,2.640,25.607
C0_DEFAULT,4096,4,DS_PUSHSIG_SERIAL,DUSHMEM,5,5033.683,5035.596,4080.159,4984.556,5038.880,1.913,1.913,21.646
C0_DEFAULT,4096,4,FC_FCOLLECT_ONLY,DUSHMEM,5,3348.639,3365.441,3359.841,3360.560,3366.878,16.802,16.802,2.421
C0_DEFAULT,4096,4,GEMM_ONLY,RCCL,5,3708.401,3714.001,0.000,3692.559,3753.598,5.600,5.600,26.002
C0_DEFAULT,4096,4,R0_FULL_SERIAL,RCCL,5,567.759,4392.162,560.561,4372.155,4394.159,3824.403,3824.403,8.290
C0_DEFAULT,4096,4,R1_EVENT_OVERLAP,RCCL,5,1063.520,4099.522,1056.240,4070.320,4127.280,3036.002,3036.002,22.175
C0_DEFAULT,4096,4,RS_SLICE_SERIAL,RCCL,5,3340.477,4215.116,3334.398,4164.877,4223.517,874.639,874.639,21.549
C0_DEFAULT,4096,8,COMM_ONLY,RCCL,5,853.361,859.041,847.520,855.919,860.801,5.680,5.680,1.700
C0_DEFAULT,4096,8,D0_FCOLLECT_SERIAL,DUSHMEM,5,3352.161,7192.083,3346.401,7171.359,7195.043,3839.922,3839.922,8.667
C0_DEFAULT,4096,8,D1W_WAITSTREAM_OVERLAP,DUSHMEM,5,8340.953,8348.800,7547.285,8270.794,8410.484,7.846,7.846,45.801
C0_DEFAULT,4096,8,D1_PUSHSIG_OVERLAP,DUSHMEM,5,8210.074,8216.793,7427.754,8204.324,8241.593,6.719,6.719,14.845
C0_DEFAULT,4096,8,DC_PUSHSIG_ONLY,DUSHMEM,5,1964.958,1972.319,1957.358,1910.398,1979.039,7.361,7.361,25.706
C0_DEFAULT,4096,8,DS_PUSHSIG_SERIAL,DUSHMEM,5,8244.394,8252.234,7457.675,8141.672,8298.234,7.840,7.840,63.860
C0_DEFAULT,4096,8,FC_FCOLLECT_ONLY,DUSHMEM,5,3348.642,3365.522,3359.842,3361.681,3369.762,16.880,16.880,2.907
C0_DEFAULT,4096,8,GEMM_ONLY,RCCL,5,5805.680,5811.677,0.000,5806.800,5814.636,5.997,5.997,2.787
C0_DEFAULT,4096,8,R0_FULL_SERIAL,RCCL,5,569.280,4360.957,561.440,4252.639,4365.602,3791.677,3791.677,51.553
C0_DEFAULT,4096,8,R1_EVENT_OVERLAP,RCCL,5,1771.041,6064.476,1762.321,6061.359,6065.119,4293.435,4293.435,1.356
C0_DEFAULT,4096,8,RS_SLICE_SERIAL,RCCL,5,5883.835,6588.958,5877.595,6584.559,6592.953,705.123,705.123,2.692
C0_DEFAULT,4096,16,COMM_ONLY,RCCL,5,1114.880,1120.639,1109.119,1118.881,1129.760,5.759,5.759,3.960
C0_DEFAULT,4096,16,R1_EVENT_OVERLAP,RCCL,5,2230.640,6337.439,2224.159,6329.359,6340.156,4106.799,4106.799,3.930
C2_RING_SIMPLE_CH8,512,2,COMM_ONLY,RCCL,5,646.321,652.080,640.320,650.561,654.800,5.759,5.759,1.679
C2_RING_SIMPLE_CH8,512,2,R1_EVENT_OVERLAP,RCCL,5,888.401,1269.599,882.241,1267.280,1270.959,381.198,381.198,1.278
C2_RING_SIMPLE_CH8,512,4,COMM_ONLY,RCCL,5,735.761,741.441,730.001,738.640,751.040,5.680,5.680,4.311
C2_RING_SIMPLE_CH8,512,4,R1_EVENT_OVERLAP,RCCL,5,937.920,1084.320,931.601,1082.081,1087.840,146.400,146.400,2.259
C2_RING_SIMPLE_CH8,512,8,COMM_ONLY,RCCL,5,915.280,920.959,909.439,916.240,922.160,5.679,5.679,2.388
C2_RING_SIMPLE_CH8,512,8,R1_EVENT_OVERLAP,RCCL,5,1173.198,1331.120,1166.719,1317.680,1338.319,157.921,157.921,7.794
C2_RING_SIMPLE_CH8,2048,2,COMM_ONLY,RCCL,5,680.801,687.120,674.401,682.721,687.840,6.319,6.319,1.946
C2_RING_SIMPLE_CH8,2048,2,R1_EVENT_OVERLAP,RCCL,5,1058.640,2247.041,1052.001,2245.282,2249.600,1188.401,1188.401,1.517
C2_RING_SIMPLE_CH8,2048,4,COMM_ONLY,RCCL,5,761.760,767.361,756.000,766.960,770.241,5.601,5.601,1.259
C2_RING_SIMPLE_CH8,2048,4,R1_EVENT_OVERLAP,RCCL,5,1354.240,3275.680,1347.280,3272.239,3282.879,1921.440,1921.440,3.956
C2_RING_SIMPLE_CH8,2048,8,COMM_ONLY,RCCL,5,936.961,942.639,931.359,940.481,943.920,5.678,5.678,1.110
C2_RING_SIMPLE_CH8,2048,8,R1_EVENT_OVERLAP,RCCL,5,1732.801,3444.720,1725.761,3441.282,3451.440,1711.919,1711.919,3.418
C2_RING_SIMPLE_CH8,4096,2,COMM_ONLY,RCCL,5,717.120,723.440,710.721,719.360,724.640,6.320,6.320,2.252
C2_RING_SIMPLE_CH8,4096,2,R1_EVENT_OVERLAP,RCCL,5,1112.880,4301.360,1105.919,4295.843,4320.399,3188.481,3188.481,8.876
C2_RING_SIMPLE_CH8,4096,4,COMM_ONLY,RCCL,5,796.160,801.840,790.080,801.440,805.361,5.680,5.680,1.432
C2_RING_SIMPLE_CH8,4096,4,R1_EVENT_OVERLAP,RCCL,5,1395.040,4052.002,1379.120,4041.755,4089.761,2656.962,2656.962,16.958
C2_RING_SIMPLE_CH8,4096,8,COMM_ONLY,RCCL,5,962.321,967.921,956.561,966.161,970.160,5.600,5.600,1.325
C2_RING_SIMPLE_CH8,4096,8,R1_EVENT_OVERLAP,RCCL,5,1919.678,6049.999,1913.198,6039.599,6051.123,4130.321,4130.321,4.317
C2_RING_SIMPLE_CH8,4096,16,COMM_ONLY,RCCL,5,1303.600,1309.280,1297.919,1303.601,1313.280,5.680,5.680,3.532
C2_RING_SIMPLE_CH8,4096,16,R1_EVENT_OVERLAP,RCCL,5,2655.600,6345.675,2645.919,6334.639,6366.156,3690.075,3690.075,10.221
