case_id	phase	repetition	ranks	shape_id	m_local	n	k	q	path	candidate	status	started_utc	ended_utc	case_dir
preflight_r1_P0_p2_m128_n128_k128_q1_comm_C0_DEFAULT	preflight	1	2	P0	128	128	128	1	comm	C0_DEFAULT	127	2026-08-31T09:43:22Z	2026-08-31T09:43:22Z	/root/private_data/lyc/2ndpaper/results/k500sm_ai_gfx928_4gpu/phase1_release_20260831_093150/cases/preflight_r1_P0_p2_m128_n128_k128_q1_comm_C0_DEFAULT
preflight_r1_P0_p2_m128_n128_k128_q1_gemm_C0_DEFAULT	preflight	1	2	P0	128	128	128	1	gemm	C0_DEFAULT	127	2026-08-31T09:43:22Z	2026-08-31T09:43:22Z	/root/private_data/lyc/2ndpaper/results/k500sm_ai_gfx928_4gpu/phase1_release_20260831_093150/cases/preflight_r1_P0_p2_m128_n128_k128_q1_gemm_C0_DEFAULT
preflight_r1_P0_p2_m128_n128_k128_q1_b0_C0_DEFAULT	preflight	1	2	P0	128	128	128	1	b0	C0_DEFAULT	127	2026-08-31T09:43:22Z	2026-08-31T09:43:22Z	/root/private_data/lyc/2ndpaper/results/k500sm_ai_gfx928_4gpu/phase1_release_20260831_093150/cases/preflight_r1_P0_p2_m128_n128_k128_q1_b0_C0_DEFAULT
preflight_r1_P0_p2_m128_n128_k128_q1_b1_C0_DEFAULT	preflight	1	2	P0	128	128	128	1	b1	C0_DEFAULT	127	2026-08-31T09:43:23Z	2026-08-31T09:43:23Z	/root/private_data/lyc/2ndpaper/results/k500sm_ai_gfx928_4gpu/phase1_release_20260831_093150/cases/preflight_r1_P0_p2_m128_n128_k128_q1_b1_C0_DEFAULT
preflight_r1_P0_p2_m128_n128_k128_q1_h0_C0_DEFAULT	preflight	1	2	P0	128	128	128	1	h0	C0_DEFAULT	127	2026-08-31T09:43:23Z	2026-08-31T09:43:23Z	/root/private_data/lyc/2ndpaper/results/k500sm_ai_gfx928_4gpu/phase1_release_20260831_093150/cases/preflight_r1_P0_p2_m128_n128_k128_q1_h0_C0_DEFAULT
preflight_r1_P0_p2_m128_n128_k128_q2_comm_C0_DEFAULT	preflight	1	2	P0	128	128	128	2	comm	C0_DEFAULT	127	2026-08-31T09:43:23Z	2026-08-31T09:43:23Z	/root/private_data/lyc/2ndpaper/results/k500sm_ai_gfx928_4gpu/phase1_release_20260831_093150/cases/preflight_r1_P0_p2_m128_n128_k128_q2_comm_C0_DEFAULT
preflight_r1_P0_p2_m128_n128_k128_q2_gemm_C0_DEFAULT	preflight	1	2	P0	128	128	128	2	gemm	C0_DEFAULT	127	2026-08-31T09:43:23Z	2026-08-31T09:43:23Z	/root/private_data/lyc/2ndpaper/results/k500sm_ai_gfx928_4gpu/phase1_release_20260831_093150/cases/preflight_r1_P0_p2_m128_n128_k128_q2_gemm_C0_DEFAULT
preflight_r1_P0_p2_m128_n128_k128_q2_b0_C0_DEFAULT	preflight	1	2	P0	128	128	128	2	b0	C0_DEFAULT	127	2026-08-31T09:43:23Z	2026-08-31T09:43:23Z	/root/private_data/lyc/2ndpaper/results/k500sm_ai_gfx928_4gpu/phase1_release_20260831_093150/cases/preflight_r1_P0_p2_m128_n128_k128_q2_b0_C0_DEFAULT
preflight_r1_P0_p2_m128_n128_k128_q2_b1_C0_DEFAULT	preflight	1	2	P0	128	128	128	2	b1	C0_DEFAULT	127	2026-08-31T09:43:23Z	2026-08-31T09:43:23Z	/root/private_data/lyc/2ndpaper/results/k500sm_ai_gfx928_4gpu/phase1_release_20260831_093150/cases/preflight_r1_P0_p2_m128_n128_k128_q2_b1_C0_DEFAULT
preflight_r1_P0_p2_m128_n128_k128_q2_h0_C0_DEFAULT	preflight	1	2	P0	128	128	128	2	h0	C0_DEFAULT	127	2026-08-31T09:43:23Z	2026-08-31T09:43:23Z	/root/private_data/lyc/2ndpaper/results/k500sm_ai_gfx928_4gpu/phase1_release_20260831_093150/cases/preflight_r1_P0_p2_m128_n128_k128_q2_h0_C0_DEFAULT
capability_r1_CAP_p4_m512_n256_k1024_q1_comm_C0_DEFAULT	capability	1	4	CAP	512	256	1024	1	comm	C0_DEFAULT	127	2026-08-31T09:43:23Z	2026-08-31T09:43:23Z	/root/private_data/lyc/2ndpaper/results/k500sm_ai_gfx928_4gpu/phase1_release_20260831_093150/cases/capability_r1_CAP_p4_m512_n256_k1024_q1_comm_C0_DEFAULT
capability_r1_CAP_p4_m512_n256_k1024_q1_comm_C1_RING_SIMPLE_CH4	capability	1	4	CAP	512	256	1024	1	comm	C1_RING_SIMPLE_CH4	0	2026-08-31T09:43:23Z	2026-08-31T09:43:35Z	/root/private_data/lyc/2ndpaper/results/k500sm_ai_gfx928_4gpu/phase1_release_20260831_093150/cases/capability_r1_CAP_p4_m512_n256_k1024_q1_comm_C1_RING_SIMPLE_CH4
capability_r1_CAP_p4_m512_n256_k1024_q1_comm_C2_RING_SIMPLE_CH8	capability	1	4	CAP	512	256	1024	1	comm	C2_RING_SIMPLE_CH8	0	2026-08-31T09:43:35Z	2026-08-31T09:43:47Z	/root/private_data/lyc/2ndpaper/results/k500sm_ai_gfx928_4gpu/phase1_release_20260831_093150/cases/capability_r1_CAP_p4_m512_n256_k1024_q1_comm_C2_RING_SIMPLE_CH8
discovery_comm_r1_S01_COMM_LEAN_p4_m2048_n128_k2048_q1_comm_C0_DEFAULT	discovery_comm	1	4	S01_COMM_LEAN	2048	128	2048	1	comm	C0_DEFAULT	127	2026-08-31T09:43:47Z	2026-08-31T09:43:47Z	/root/private_data/lyc/2ndpaper/results/k500sm_ai_gfx928_4gpu/phase1_release_20260831_093150/cases/discovery_comm_r1_S01_COMM_LEAN_p4_m2048_n128_k2048_q1_comm_C0_DEFAULT
discovery_comm_r1_S01_COMM_LEAN_p4_m2048_n128_k2048_q1_comm_C1_RING_SIMPLE_CH4	discovery_comm	1	4	S01_COMM_LEAN	2048	128	2048	1	comm	C1_RING_SIMPLE_CH4	0	2026-08-31T09:43:47Z	2026-08-31T09:43:59Z	/root/private_data/lyc/2ndpaper/results/k500sm_ai_gfx928_4gpu/phase1_release_20260831_093150/cases/discovery_comm_r1_S01_COMM_LEAN_p4_m2048_n128_k2048_q1_comm_C1_RING_SIMPLE_CH4
discovery_comm_r1_S01_COMM_LEAN_p4_m2048_n128_k2048_q1_comm_C2_RING_SIMPLE_CH8	discovery_comm	1	4	S01_COMM_LEAN	2048	128	2048	1	comm	C2_RING_SIMPLE_CH8	0	2026-08-31T09:44:00Z	2026-08-31T09:44:13Z	/root/private_data/lyc/2ndpaper/results/k500sm_ai_gfx928_4gpu/phase1_release_20260831_093150/cases/discovery_comm_r1_S01_COMM_LEAN_p4_m2048_n128_k2048_q1_comm_C2_RING_SIMPLE_CH8
discovery_gemm_r1_S01_COMM_LEAN_p4_m2048_n128_k2048_q1_gemm_C0_DEFAULT	discovery_gemm	1	4	S01_COMM_LEAN	2048	128	2048	1	gemm	C0_DEFAULT	127	2026-08-31T09:44:13Z	2026-08-31T09:44:13Z	/root/private_data/lyc/2ndpaper/results/k500sm_ai_gfx928_4gpu/phase1_release_20260831_093150/cases/discovery_gemm_r1_S01_COMM_LEAN_p4_m2048_n128_k2048_q1_gemm_C0_DEFAULT
discovery_comm_r1_S01_COMM_LEAN_p4_m2048_n128_k2048_q2_comm_C0_DEFAULT	discovery_comm	1	4	S01_COMM_LEAN	2048	128	2048	2	comm	C0_DEFAULT	127	2026-08-31T09:44:13Z	2026-08-31T09:44:13Z	/root/private_data/lyc/2ndpaper/results/k500sm_ai_gfx928_4gpu/phase1_release_20260831_093150/cases/discovery_comm_r1_S01_COMM_LEAN_p4_m2048_n128_k2048_q2_comm_C0_DEFAULT
discovery_comm_r1_S01_COMM_LEAN_p4_m2048_n128_k2048_q2_comm_C1_RING_SIMPLE_CH4	discovery_comm	1	4	S01_COMM_LEAN	2048	128	2048	2	comm	C1_RING_SIMPLE_CH4	0	2026-08-31T09:44:13Z	2026-08-31T09:44:25Z	/root/private_data/lyc/2ndpaper/results/k500sm_ai_gfx928_4gpu/phase1_release_20260831_093150/cases/discovery_comm_r1_S01_COMM_LEAN_p4_m2048_n128_k2048_q2_comm_C1_RING_SIMPLE_CH4
