case_id,path,candidate,N,q,rep,slice_index,t_release_med_us,t_gemm_start_med_us,t_gemm_end_med_us,t_gemm_duration_med_us
case001_d0_C0_DEFAULT_N512_q2_rep1,D0_FCOLLECT_SERIAL,C0_DEFAULT,512,2,1,0,11533.6,11549.8,12579.6,1027.4
case002_d0_C0_DEFAULT_N512_q2_rep2,D0_FCOLLECT_SERIAL,C0_DEFAULT,512,2,2,0,11543.7,11559.9,12586.9,1025.7
case003_d0_C0_DEFAULT_N512_q2_rep3,D0_FCOLLECT_SERIAL,C0_DEFAULT,512,2,3,0,11521.1,11537.4,12563.7,1025.6
case004_d0_C0_DEFAULT_N512_q2_rep4,D0_FCOLLECT_SERIAL,C0_DEFAULT,512,2,4,0,11522.8,11539.0,12570.0,1026.3
case005_d0_C0_DEFAULT_N512_q2_rep5,D0_FCOLLECT_SERIAL,C0_DEFAULT,512,2,5,0,11509.0,11525.2,12554.2,1026.4
case006_dc_C0_DEFAULT_N512_q2_rep1,DC_PUSHSIG_ONLY,C0_DEFAULT,512,2,1,0,5448.4,0.0,0.0,0.0
case006_dc_C0_DEFAULT_N512_q2_rep1,DC_PUSHSIG_ONLY,C0_DEFAULT,512,2,1,1,7451.0,0.0,0.0,0.0
case007_dc_C0_DEFAULT_N512_q2_rep2,DC_PUSHSIG_ONLY,C0_DEFAULT,512,2,2,0,5442.9,0.0,0.0,0.0
case007_dc_C0_DEFAULT_N512_q2_rep2,DC_PUSHSIG_ONLY,C0_DEFAULT,512,2,2,1,7443.0,0.0,0.0,0.0
case008_dc_C0_DEFAULT_N512_q2_rep3,DC_PUSHSIG_ONLY,C0_DEFAULT,512,2,3,0,5441.6,0.0,0.0,0.0
case008_dc_C0_DEFAULT_N512_q2_rep3,DC_PUSHSIG_ONLY,C0_DEFAULT,512,2,3,1,7450.1,0.0,0.0,0.0
case009_dc_C0_DEFAULT_N512_q2_rep4,DC_PUSHSIG_ONLY,C0_DEFAULT,512,2,4,0,5447.4,0.0,0.0,0.0
case009_dc_C0_DEFAULT_N512_q2_rep4,DC_PUSHSIG_ONLY,C0_DEFAULT,512,2,4,1,7451.6,0.0,0.0,0.0
case010_dc_C0_DEFAULT_N512_q2_rep5,DC_PUSHSIG_ONLY,C0_DEFAULT,512,2,5,0,5444.8,0.0,0.0,0.0
case010_dc_C0_DEFAULT_N512_q2_rep5,DC_PUSHSIG_ONLY,C0_DEFAULT,512,2,5,1,7451.1,0.0,0.0,0.0
case011_d0_C0_DEFAULT_N512_q4_rep1,D0_FCOLLECT_SERIAL,C0_DEFAULT,512,4,1,0,11518.7,11535.0,12566.1,1026.2
case012_d0_C0_DEFAULT_N512_q4_rep2,D0_FCOLLECT_SERIAL,C0_DEFAULT,512,4,2,0,11507.9,11523.8,12560.1,1025.7
case013_d0_C0_DEFAULT_N512_q4_rep3,D0_FCOLLECT_SERIAL,C0_DEFAULT,512,4,3,0,11518.5,11534.4,12570.1,1026.6
case014_d0_C0_DEFAULT_N512_q4_rep4,D0_FCOLLECT_SERIAL,C0_DEFAULT,512,4,4,0,11514.0,11529.9,12562.5,1027.1
case015_d0_C0_DEFAULT_N512_q4_rep5,D0_FCOLLECT_SERIAL,C0_DEFAULT,512,4,5,0,11500.8,11517.1,12546.8,1027.6
case016_dc_C0_DEFAULT_N512_q4_rep1,DC_PUSHSIG_ONLY,C0_DEFAULT,512,4,1,0,2661.9,0.0,0.0,0.0
case016_dc_C0_DEFAULT_N512_q4_rep1,DC_PUSHSIG_ONLY,C0_DEFAULT,512,4,1,1,3757.9,0.0,0.0,0.0
case016_dc_C0_DEFAULT_N512_q4_rep1,DC_PUSHSIG_ONLY,C0_DEFAULT,512,4,1,2,6448.0,0.0,0.0,0.0
case016_dc_C0_DEFAULT_N512_q4_rep1,DC_PUSHSIG_ONLY,C0_DEFAULT,512,4,1,3,7522.2,0.0,0.0,0.0
case017_dc_C0_DEFAULT_N512_q4_rep2,DC_PUSHSIG_ONLY,C0_DEFAULT,512,4,2,0,2669.5,0.0,0.0,0.0
case017_dc_C0_DEFAULT_N512_q4_rep2,DC_PUSHSIG_ONLY,C0_DEFAULT,512,4,2,1,3760.1,0.0,0.0,0.0
case017_dc_C0_DEFAULT_N512_q4_rep2,DC_PUSHSIG_ONLY,C0_DEFAULT,512,4,2,2,6493.0,0.0,0.0,0.0
case017_dc_C0_DEFAULT_N512_q4_rep2,DC_PUSHSIG_ONLY,C0_DEFAULT,512,4,2,3,7565.1,0.0,0.0,0.0
case018_dc_C0_DEFAULT_N512_q4_rep3,DC_PUSHSIG_ONLY,C0_DEFAULT,512,4,3,0,2666.5,0.0,0.0,0.0
case018_dc_C0_DEFAULT_N512_q4_rep3,DC_PUSHSIG_ONLY,C0_DEFAULT,512,4,3,1,3755.8,0.0,0.0,0.0
case018_dc_C0_DEFAULT_N512_q4_rep3,DC_PUSHSIG_ONLY,C0_DEFAULT,512,4,3,2,6498.4,0.0,0.0,0.0
case018_dc_C0_DEFAULT_N512_q4_rep3,DC_PUSHSIG_ONLY,C0_DEFAULT,512,4,3,3,7572.6,0.0,0.0,0.0
case019_dc_C0_DEFAULT_N512_q4_rep4,DC_PUSHSIG_ONLY,C0_DEFAULT,512,4,4,0,2664.8,0.0,0.0,0.0
case019_dc_C0_DEFAULT_N512_q4_rep4,DC_PUSHSIG_ONLY,C0_DEFAULT,512,4,4,1,3758.4,0.0,0.0,0.0
case019_dc_C0_DEFAULT_N512_q4_rep4,DC_PUSHSIG_ONLY,C0_DEFAULT,512,4,4,2,6499.9,0.0,0.0,0.0
case019_dc_C0_DEFAULT_N512_q4_rep4,DC_PUSHSIG_ONLY,C0_DEFAULT,512,4,4,3,7579.8,0.0,0.0,0.0
case020_dc_C0_DEFAULT_N512_q4_rep5,DC_PUSHSIG_ONLY,C0_DEFAULT,512,4,5,0,2672.8,0.0,0.0,0.0
case020_dc_C0_DEFAULT_N512_q4_rep5,DC_PUSHSIG_ONLY,C0_DEFAULT,512,4,5,1,3762.9,0.0,0.0,0.0
case020_dc_C0_DEFAULT_N512_q4_rep5,DC_PUSHSIG_ONLY,C0_DEFAULT,512,4,5,2,6528.4,0.0,0.0,0.0
case020_dc_C0_DEFAULT_N512_q4_rep5,DC_PUSHSIG_ONLY,C0_DEFAULT,512,4,5,3,7606.8,0.0,0.0,0.0
case021_d0_C0_DEFAULT_N512_q8_rep1,D0_FCOLLECT_SERIAL,C0_DEFAULT,512,8,1,0,11484.6,11500.7,12537.9,1025.9
case022_d0_C0_DEFAULT_N512_q8_rep2,D0_FCOLLECT_SERIAL,C0_DEFAULT,512,8,2,0,11513.7,11530.2,12562.8,1026.6
case023_d0_C0_DEFAULT_N512_q8_rep3,D0_FCOLLECT_SERIAL,C0_DEFAULT,512,8,3,0,11525.3,11541.7,12563.4,1026.0
case024_d0_C0_DEFAULT_N512_q8_rep4,D0_FCOLLECT_SERIAL,C0_DEFAULT,512,8,4,0,11519.7,11536.2,12571.9,1026.3
case025_d0_C0_DEFAULT_N512_q8_rep5,D0_FCOLLECT_SERIAL,C0_DEFAULT,512,8,5,0,11516.3,11532.6,12560.1,1027.2
case026_dc_C0_DEFAULT_N512_q8_rep1,DC_PUSHSIG_ONLY,C0_DEFAULT,512,8,1,0,1369.0,0.0,0.0,0.0
case026_dc_C0_DEFAULT_N512_q8_rep1,DC_PUSHSIG_ONLY,C0_DEFAULT,512,8,1,1,1960.5,0.0,0.0,0.0
case026_dc_C0_DEFAULT_N512_q8_rep1,DC_PUSHSIG_ONLY,C0_DEFAULT,512,8,1,2,3350.9,0.0,0.0,0.0
case026_dc_C0_DEFAULT_N512_q8_rep1,DC_PUSHSIG_ONLY,C0_DEFAULT,512,8,1,3,3949.2,0.0,0.0,0.0
case026_dc_C0_DEFAULT_N512_q8_rep1,DC_PUSHSIG_ONLY,C0_DEFAULT,512,8,1,4,5343.5,0.0,0.0,0.0
case026_dc_C0_DEFAULT_N512_q8_rep1,DC_PUSHSIG_ONLY,C0_DEFAULT,512,8,1,5,6892.0,0.0,0.0,0.0
case026_dc_C0_DEFAULT_N512_q8_rep1,DC_PUSHSIG_ONLY,C0_DEFAULT,512,8,1,6,9270.3,0.0,0.0,0.0
case026_dc_C0_DEFAULT_N512_q8_rep1,DC_PUSHSIG_ONLY,C0_DEFAULT,512,8,1,7,11756.2,0.0,0.0,0.0
case027_dc_C0_DEFAULT_N512_q8_rep2,DC_PUSHSIG_ONLY,C0_DEFAULT,512,8,2,0,1364.5,0.0,0.0,0.0
case027_dc_C0_DEFAULT_N512_q8_rep2,DC_PUSHSIG_ONLY,C0_DEFAULT,512,8,2,1,2127.4,0.0,0.0,0.0
case027_dc_C0_DEFAULT_N512_q8_rep2,DC_PUSHSIG_ONLY,C0_DEFAULT,512,8,2,2,3793.2,0.0,0.0,0.0
case027_dc_C0_DEFAULT_N512_q8_rep2,DC_PUSHSIG_ONLY,C0_DEFAULT,512,8,2,3,6943.7,0.0,0.0,0.0
case027_dc_C0_DEFAULT_N512_q8_rep2,DC_PUSHSIG_ONLY,C0_DEFAULT,512,8,2,4,7840.7,0.0,0.0,0.0
case027_dc_C0_DEFAULT_N512_q8_rep2,DC_PUSHSIG_ONLY,C0_DEFAULT,512,8,2,5,8533.4,0.0,0.0,0.0
case027_dc_C0_DEFAULT_N512_q8_rep2,DC_PUSHSIG_ONLY,C0_DEFAULT,512,8,2,6,9208.0,0.0,0.0,0.0
case027_dc_C0_DEFAULT_N512_q8_rep2,DC_PUSHSIG_ONLY,C0_DEFAULT,512,8,2,7,10300.9,0.0,0.0,0.0
case028_dc_C0_DEFAULT_N512_q8_rep3,DC_PUSHSIG_ONLY,C0_DEFAULT,512,8,3,0,1365.0,0.0,0.0,0.0
case028_dc_C0_DEFAULT_N512_q8_rep3,DC_PUSHSIG_ONLY,C0_DEFAULT,512,8,3,1,1966.7,0.0,0.0,0.0
case028_dc_C0_DEFAULT_N512_q8_rep3,DC_PUSHSIG_ONLY,C0_DEFAULT,512,8,3,2,3312.4,0.0,0.0,0.0
case028_dc_C0_DEFAULT_N512_q8_rep3,DC_PUSHSIG_ONLY,C0_DEFAULT,512,8,3,3,4133.5,0.0,0.0,0.0
case028_dc_C0_DEFAULT_N512_q8_rep3,DC_PUSHSIG_ONLY,C0_DEFAULT,512,8,3,4,5322.1,0.0,0.0,0.0
case028_dc_C0_DEFAULT_N512_q8_rep3,DC_PUSHSIG_ONLY,C0_DEFAULT,512,8,3,5,6403.8,0.0,0.0,0.0
case028_dc_C0_DEFAULT_N512_q8_rep3,DC_PUSHSIG_ONLY,C0_DEFAULT,512,8,3,6,8368.3,0.0,0.0,0.0
case028_dc_C0_DEFAULT_N512_q8_rep3,DC_PUSHSIG_ONLY,C0_DEFAULT,512,8,3,7,10989.2,0.0,0.0,0.0
case029_dc_C0_DEFAULT_N512_q8_rep4,DC_PUSHSIG_ONLY,C0_DEFAULT,512,8,4,0,1368.2,0.0,0.0,0.0
case029_dc_C0_DEFAULT_N512_q8_rep4,DC_PUSHSIG_ONLY,C0_DEFAULT,512,8,4,1,1961.3,0.0,0.0,0.0
case029_dc_C0_DEFAULT_N512_q8_rep4,DC_PUSHSIG_ONLY,C0_DEFAULT,512,8,4,2,3358.6,0.0,0.0,0.0
case029_dc_C0_DEFAULT_N512_q8_rep4,DC_PUSHSIG_ONLY,C0_DEFAULT,512,8,4,3,3979.9,0.0,0.0,0.0
case029_dc_C0_DEFAULT_N512_q8_rep4,DC_PUSHSIG_ONLY,C0_DEFAULT,512,8,4,4,5350.8,0.0,0.0,0.0
case029_dc_C0_DEFAULT_N512_q8_rep4,DC_PUSHSIG_ONLY,C0_DEFAULT,512,8,4,5,7811.9,0.0,0.0,0.0
case029_dc_C0_DEFAULT_N512_q8_rep4,DC_PUSHSIG_ONLY,C0_DEFAULT,512,8,4,6,9005.1,0.0,0.0,0.0
case029_dc_C0_DEFAULT_N512_q8_rep4,DC_PUSHSIG_ONLY,C0_DEFAULT,512,8,4,7,11560.7,0.0,0.0,0.0
case030_dc_C0_DEFAULT_N512_q8_rep5,DC_PUSHSIG_ONLY,C0_DEFAULT,512,8,5,0,1375.2,0.0,0.0,0.0
case030_dc_C0_DEFAULT_N512_q8_rep5,DC_PUSHSIG_ONLY,C0_DEFAULT,512,8,5,1,1967.3,0.0,0.0,0.0
case030_dc_C0_DEFAULT_N512_q8_rep5,DC_PUSHSIG_ONLY,C0_DEFAULT,512,8,5,2,3351.5,0.0,0.0,0.0
case030_dc_C0_DEFAULT_N512_q8_rep5,DC_PUSHSIG_ONLY,C0_DEFAULT,512,8,5,3,4034.8,0.0,0.0,0.0
case030_dc_C0_DEFAULT_N512_q8_rep5,DC_PUSHSIG_ONLY,C0_DEFAULT,512,8,5,4,5351.9,0.0,0.0,0.0
case030_dc_C0_DEFAULT_N512_q8_rep5,DC_PUSHSIG_ONLY,C0_DEFAULT,512,8,5,5,6359.7,0.0,0.0,0.0
case030_dc_C0_DEFAULT_N512_q8_rep5,DC_PUSHSIG_ONLY,C0_DEFAULT,512,8,5,6,8341.7,0.0,0.0,0.0
case030_dc_C0_DEFAULT_N512_q8_rep5,DC_PUSHSIG_ONLY,C0_DEFAULT,512,8,5,7,10637.4,0.0,0.0,0.0
case031_d0_C0_DEFAULT_N2048_q2_rep1,D0_FCOLLECT_SERIAL,C0_DEFAULT,2048,2,1,0,11549.0,11565.7,14339.9,2766.8
case032_d0_C0_DEFAULT_N2048_q2_rep2,D0_FCOLLECT_SERIAL,C0_DEFAULT,2048,2,2,0,11565.0,11581.4,14351.8,2769.8
case033_d0_C0_DEFAULT_N2048_q2_rep3,D0_FCOLLECT_SERIAL,C0_DEFAULT,2048,2,3,0,11548.7,11565.4,14321.9,2766.0
case034_d0_C0_DEFAULT_N2048_q2_rep4,D0_FCOLLECT_SERIAL,C0_DEFAULT,2048,2,4,0,11570.8,11587.0,14355.3,2767.4
case035_d0_C0_DEFAULT_N2048_q2_rep5,D0_FCOLLECT_SERIAL,C0_DEFAULT,2048,2,5,0,11549.3,11565.9,14330.6,2766.8
case036_dc_C0_DEFAULT_N2048_q2_rep1,DC_PUSHSIG_ONLY,C0_DEFAULT,2048,2,1,0,5469.1,0.0,0.0,0.0
case036_dc_C0_DEFAULT_N2048_q2_rep1,DC_PUSHSIG_ONLY,C0_DEFAULT,2048,2,1,1,7477.3,0.0,0.0,0.0
case037_dc_C0_DEFAULT_N2048_q2_rep2,DC_PUSHSIG_ONLY,C0_DEFAULT,2048,2,2,0,5467.4,0.0,0.0,0.0
case037_dc_C0_DEFAULT_N2048_q2_rep2,DC_PUSHSIG_ONLY,C0_DEFAULT,2048,2,2,1,7474.6,0.0,0.0,0.0
case038_dc_C0_DEFAULT_N2048_q2_rep3,DC_PUSHSIG_ONLY,C0_DEFAULT,2048,2,3,0,5471.6,0.0,0.0,0.0
case038_dc_C0_DEFAULT_N2048_q2_rep3,DC_PUSHSIG_ONLY,C0_DEFAULT,2048,2,3,1,7478.0,0.0,0.0,0.0
case039_dc_C0_DEFAULT_N2048_q2_rep4,DC_PUSHSIG_ONLY,C0_DEFAULT,2048,2,4,0,5473.3,0.0,0.0,0.0
case039_dc_C0_DEFAULT_N2048_q2_rep4,DC_PUSHSIG_ONLY,C0_DEFAULT,2048,2,4,1,7476.7,0.0,0.0,0.0
case040_dc_C0_DEFAULT_N2048_q2_rep5,DC_PUSHSIG_ONLY,C0_DEFAULT,2048,2,5,0,5459.1,0.0,0.0,0.0
case040_dc_C0_DEFAULT_N2048_q2_rep5,DC_PUSHSIG_ONLY,C0_DEFAULT,2048,2,5,1,7471.0,0.0,0.0,0.0
case041_d0_C0_DEFAULT_N2048_q4_rep1,D0_FCOLLECT_SERIAL,C0_DEFAULT,2048,4,1,0,11555.0,11570.8,14334.9,2766.6
case042_d0_C0_DEFAULT_N2048_q4_rep2,D0_FCOLLECT_SERIAL,C0_DEFAULT,2048,4,2,0,11538.8,11555.0,14327.4,2767.2
case043_d0_C0_DEFAULT_N2048_q4_rep3,D0_FCOLLECT_SERIAL,C0_DEFAULT,2048,4,3,0,11538.6,11555.2,14326.6,2767.0
case044_d0_C0_DEFAULT_N2048_q4_rep4,D0_FCOLLECT_SERIAL,C0_DEFAULT,2048,4,4,0,11542.8,11559.2,14329.1,2768.2
case045_d0_C0_DEFAULT_N2048_q4_rep5,D0_FCOLLECT_SERIAL,C0_DEFAULT,2048,4,5,0,11529.3,11545.8,14309.4,2766.2
case046_dc_C0_DEFAULT_N2048_q4_rep1,DC_PUSHSIG_ONLY,C0_DEFAULT,2048,4,1,0,2672.3,0.0,0.0,0.0
case046_dc_C0_DEFAULT_N2048_q4_rep1,DC_PUSHSIG_ONLY,C0_DEFAULT,2048,4,1,1,3767.1,0.0,0.0,0.0
case046_dc_C0_DEFAULT_N2048_q4_rep1,DC_PUSHSIG_ONLY,C0_DEFAULT,2048,4,1,2,6487.1,0.0,0.0,0.0
case046_dc_C0_DEFAULT_N2048_q4_rep1,DC_PUSHSIG_ONLY,C0_DEFAULT,2048,4,1,3,7572.2,0.0,0.0,0.0
case047_dc_C0_DEFAULT_N2048_q4_rep2,DC_PUSHSIG_ONLY,C0_DEFAULT,2048,4,2,0,2673.5,0.0,0.0,0.0
case047_dc_C0_DEFAULT_N2048_q4_rep2,DC_PUSHSIG_ONLY,C0_DEFAULT,2048,4,2,1,3766.3,0.0,0.0,0.0
case047_dc_C0_DEFAULT_N2048_q4_rep2,DC_PUSHSIG_ONLY,C0_DEFAULT,2048,4,2,2,6491.2,0.0,0.0,0.0
case047_dc_C0_DEFAULT_N2048_q4_rep2,DC_PUSHSIG_ONLY,C0_DEFAULT,2048,4,2,3,7566.1,0.0,0.0,0.0
case048_dc_C0_DEFAULT_N2048_q4_rep3,DC_PUSHSIG_ONLY,C0_DEFAULT,2048,4,3,0,2676.9,0.0,0.0,0.0
case048_dc_C0_DEFAULT_N2048_q4_rep3,DC_PUSHSIG_ONLY,C0_DEFAULT,2048,4,3,1,3766.4,0.0,0.0,0.0
case048_dc_C0_DEFAULT_N2048_q4_rep3,DC_PUSHSIG_ONLY,C0_DEFAULT,2048,4,3,2,6515.2,0.0,0.0,0.0
case048_dc_C0_DEFAULT_N2048_q4_rep3,DC_PUSHSIG_ONLY,C0_DEFAULT,2048,4,3,3,7596.7,0.0,0.0,0.0
case049_dc_C0_DEFAULT_N2048_q4_rep4,DC_PUSHSIG_ONLY,C0_DEFAULT,2048,4,4,0,2671.6,0.0,0.0,0.0
case049_dc_C0_DEFAULT_N2048_q4_rep4,DC_PUSHSIG_ONLY,C0_DEFAULT,2048,4,4,1,3763.4,0.0,0.0,0.0
case049_dc_C0_DEFAULT_N2048_q4_rep4,DC_PUSHSIG_ONLY,C0_DEFAULT,2048,4,4,2,6499.3,0.0,0.0,0.0
case049_dc_C0_DEFAULT_N2048_q4_rep4,DC_PUSHSIG_ONLY,C0_DEFAULT,2048,4,4,3,7573.0,0.0,0.0,0.0
case050_dc_C0_DEFAULT_N2048_q4_rep5,DC_PUSHSIG_ONLY,C0_DEFAULT,2048,4,5,0,2666.9,0.0,0.0,0.0
case050_dc_C0_DEFAULT_N2048_q4_rep5,DC_PUSHSIG_ONLY,C0_DEFAULT,2048,4,5,1,3766.2,0.0,0.0,0.0
case050_dc_C0_DEFAULT_N2048_q4_rep5,DC_PUSHSIG_ONLY,C0_DEFAULT,2048,4,5,2,6488.3,0.0,0.0,0.0
case050_dc_C0_DEFAULT_N2048_q4_rep5,DC_PUSHSIG_ONLY,C0_DEFAULT,2048,4,5,3,7565.6,0.0,0.0,0.0
case051_d0_C0_DEFAULT_N2048_q8_rep1,D0_FCOLLECT_SERIAL,C0_DEFAULT,2048,8,1,0,11554.7,11570.8,14342.3,2771.0
case052_d0_C0_DEFAULT_N2048_q8_rep2,D0_FCOLLECT_SERIAL,C0_DEFAULT,2048,8,2,0,11562.9,11578.7,14348.2,2768.0
case053_d0_C0_DEFAULT_N2048_q8_rep3,D0_FCOLLECT_SERIAL,C0_DEFAULT,2048,8,3,0,11531.8,11547.8,14317.1,2769.4
case054_d0_C0_DEFAULT_N2048_q8_rep4,D0_FCOLLECT_SERIAL,C0_DEFAULT,2048,8,4,0,11562.9,11579.3,14345.4,2768.6
case055_d0_C0_DEFAULT_N2048_q8_rep5,D0_FCOLLECT_SERIAL,C0_DEFAULT,2048,8,5,0,11534.2,11550.3,14314.2,2766.7
case056_dc_C0_DEFAULT_N2048_q8_rep1,DC_PUSHSIG_ONLY,C0_DEFAULT,2048,8,1,0,1372.2,0.0,0.0,0.0
case056_dc_C0_DEFAULT_N2048_q8_rep1,DC_PUSHSIG_ONLY,C0_DEFAULT,2048,8,1,1,1975.2,0.0,0.0,0.0
case056_dc_C0_DEFAULT_N2048_q8_rep1,DC_PUSHSIG_ONLY,C0_DEFAULT,2048,8,1,2,3378.6,0.0,0.0,0.0
case056_dc_C0_DEFAULT_N2048_q8_rep1,DC_PUSHSIG_ONLY,C0_DEFAULT,2048,8,1,3,5069.5,0.0,0.0,0.0
case056_dc_C0_DEFAULT_N2048_q8_rep1,DC_PUSHSIG_ONLY,C0_DEFAULT,2048,8,1,4,6165.7,0.0,0.0,0.0
case056_dc_C0_DEFAULT_N2048_q8_rep1,DC_PUSHSIG_ONLY,C0_DEFAULT,2048,8,1,5,8807.2,0.0,0.0,0.0
case056_dc_C0_DEFAULT_N2048_q8_rep1,DC_PUSHSIG_ONLY,C0_DEFAULT,2048,8,1,6,9392.3,0.0,0.0,0.0
case056_dc_C0_DEFAULT_N2048_q8_rep1,DC_PUSHSIG_ONLY,C0_DEFAULT,2048,8,1,7,10528.3,0.0,0.0,0.0
case057_dc_C0_DEFAULT_N2048_q8_rep2,DC_PUSHSIG_ONLY,C0_DEFAULT,2048,8,2,0,1368.8,0.0,0.0,0.0
case057_dc_C0_DEFAULT_N2048_q8_rep2,DC_PUSHSIG_ONLY,C0_DEFAULT,2048,8,2,1,1965.7,0.0,0.0,0.0
case057_dc_C0_DEFAULT_N2048_q8_rep2,DC_PUSHSIG_ONLY,C0_DEFAULT,2048,8,2,2,3401.7,0.0,0.0,0.0
case057_dc_C0_DEFAULT_N2048_q8_rep2,DC_PUSHSIG_ONLY,C0_DEFAULT,2048,8,2,3,4240.5,0.0,0.0,0.0
case057_dc_C0_DEFAULT_N2048_q8_rep2,DC_PUSHSIG_ONLY,C0_DEFAULT,2048,8,2,4,5398.8,0.0,0.0,0.0
case057_dc_C0_DEFAULT_N2048_q8_rep2,DC_PUSHSIG_ONLY,C0_DEFAULT,2048,8,2,5,6423.9,0.0,0.0,0.0
case057_dc_C0_DEFAULT_N2048_q8_rep2,DC_PUSHSIG_ONLY,C0_DEFAULT,2048,8,2,6,8127.5,0.0,0.0,0.0
case057_dc_C0_DEFAULT_N2048_q8_rep2,DC_PUSHSIG_ONLY,C0_DEFAULT,2048,8,2,7,11123.0,0.0,0.0,0.0
case058_dc_C0_DEFAULT_N2048_q8_rep3,DC_PUSHSIG_ONLY,C0_DEFAULT,2048,8,3,0,1371.3,0.0,0.0,0.0
case058_dc_C0_DEFAULT_N2048_q8_rep3,DC_PUSHSIG_ONLY,C0_DEFAULT,2048,8,3,1,2065.6,0.0,0.0,0.0
case058_dc_C0_DEFAULT_N2048_q8_rep3,DC_PUSHSIG_ONLY,C0_DEFAULT,2048,8,3,2,3409.9,0.0,0.0,0.0
case058_dc_C0_DEFAULT_N2048_q8_rep3,DC_PUSHSIG_ONLY,C0_DEFAULT,2048,8,3,3,5892.4,0.0,0.0,0.0
case058_dc_C0_DEFAULT_N2048_q8_rep3,DC_PUSHSIG_ONLY,C0_DEFAULT,2048,8,3,4,6798.1,0.0,0.0,0.0
case058_dc_C0_DEFAULT_N2048_q8_rep3,DC_PUSHSIG_ONLY,C0_DEFAULT,2048,8,3,5,8347.7,0.0,0.0,0.0
case058_dc_C0_DEFAULT_N2048_q8_rep3,DC_PUSHSIG_ONLY,C0_DEFAULT,2048,8,3,6,9396.4,0.0,0.0,0.0
case058_dc_C0_DEFAULT_N2048_q8_rep3,DC_PUSHSIG_ONLY,C0_DEFAULT,2048,8,3,7,11379.7,0.0,0.0,0.0
case059_dc_C0_DEFAULT_N2048_q8_rep4,DC_PUSHSIG_ONLY,C0_DEFAULT,2048,8,4,0,1360.4,0.0,0.0,0.0
case059_dc_C0_DEFAULT_N2048_q8_rep4,DC_PUSHSIG_ONLY,C0_DEFAULT,2048,8,4,1,1965.6,0.0,0.0,0.0
case059_dc_C0_DEFAULT_N2048_q8_rep4,DC_PUSHSIG_ONLY,C0_DEFAULT,2048,8,4,2,3310.9,0.0,0.0,0.0
case059_dc_C0_DEFAULT_N2048_q8_rep4,DC_PUSHSIG_ONLY,C0_DEFAULT,2048,8,4,3,4192.1,0.0,0.0,0.0
case059_dc_C0_DEFAULT_N2048_q8_rep4,DC_PUSHSIG_ONLY,C0_DEFAULT,2048,8,4,4,6045.0,0.0,0.0,0.0
case059_dc_C0_DEFAULT_N2048_q8_rep4,DC_PUSHSIG_ONLY,C0_DEFAULT,2048,8,4,5,8121.3,0.0,0.0,0.0
case059_dc_C0_DEFAULT_N2048_q8_rep4,DC_PUSHSIG_ONLY,C0_DEFAULT,2048,8,4,6,9247.6,0.0,0.0,0.0
case059_dc_C0_DEFAULT_N2048_q8_rep4,DC_PUSHSIG_ONLY,C0_DEFAULT,2048,8,4,7,10698.0,0.0,0.0,0.0
case060_dc_C0_DEFAULT_N2048_q8_rep5,DC_PUSHSIG_ONLY,C0_DEFAULT,2048,8,5,0,1379.2,0.0,0.0,0.0
case060_dc_C0_DEFAULT_N2048_q8_rep5,DC_PUSHSIG_ONLY,C0_DEFAULT,2048,8,5,1,1973.3,0.0,0.0,0.0
case060_dc_C0_DEFAULT_N2048_q8_rep5,DC_PUSHSIG_ONLY,C0_DEFAULT,2048,8,5,2,3372.1,0.0,0.0,0.0
case060_dc_C0_DEFAULT_N2048_q8_rep5,DC_PUSHSIG_ONLY,C0_DEFAULT,2048,8,5,3,4566.0,0.0,0.0,0.0
case060_dc_C0_DEFAULT_N2048_q8_rep5,DC_PUSHSIG_ONLY,C0_DEFAULT,2048,8,5,4,5538.2,0.0,0.0,0.0
case060_dc_C0_DEFAULT_N2048_q8_rep5,DC_PUSHSIG_ONLY,C0_DEFAULT,2048,8,5,5,7610.4,0.0,0.0,0.0
case060_dc_C0_DEFAULT_N2048_q8_rep5,DC_PUSHSIG_ONLY,C0_DEFAULT,2048,8,5,6,8775.3,0.0,0.0,0.0
case060_dc_C0_DEFAULT_N2048_q8_rep5,DC_PUSHSIG_ONLY,C0_DEFAULT,2048,8,5,7,11114.4,0.0,0.0,0.0
case061_d0_C0_DEFAULT_N4096_q2_rep1,D0_FCOLLECT_SERIAL,C0_DEFAULT,4096,2,1,0,11564.1,11580.0,18341.4,6750.6
case062_d0_C0_DEFAULT_N4096_q2_rep2,D0_FCOLLECT_SERIAL,C0_DEFAULT,4096,2,2,0,11605.9,11622.3,18393.5,6764.0
case063_d0_C0_DEFAULT_N4096_q2_rep3,D0_FCOLLECT_SERIAL,C0_DEFAULT,4096,2,3,0,11581.9,11598.3,18359.9,6745.4
case064_d0_C0_DEFAULT_N4096_q2_rep4,D0_FCOLLECT_SERIAL,C0_DEFAULT,4096,2,4,0,11591.0,11606.6,18341.7,6754.3
case065_d0_C0_DEFAULT_N4096_q2_rep5,D0_FCOLLECT_SERIAL,C0_DEFAULT,4096,2,5,0,11564.2,11580.6,18325.5,6744.7
case066_dc_C0_DEFAULT_N4096_q2_rep1,DC_PUSHSIG_ONLY,C0_DEFAULT,4096,2,1,0,5466.4,0.0,0.0,0.0
case066_dc_C0_DEFAULT_N4096_q2_rep1,DC_PUSHSIG_ONLY,C0_DEFAULT,4096,2,1,1,7482.5,0.0,0.0,0.0
case067_dc_C0_DEFAULT_N4096_q2_rep2,DC_PUSHSIG_ONLY,C0_DEFAULT,4096,2,2,0,5463.4,0.0,0.0,0.0
case067_dc_C0_DEFAULT_N4096_q2_rep2,DC_PUSHSIG_ONLY,C0_DEFAULT,4096,2,2,1,7472.4,0.0,0.0,0.0
case068_dc_C0_DEFAULT_N4096_q2_rep3,DC_PUSHSIG_ONLY,C0_DEFAULT,4096,2,3,0,5460.3,0.0,0.0,0.0
case068_dc_C0_DEFAULT_N4096_q2_rep3,DC_PUSHSIG_ONLY,C0_DEFAULT,4096,2,3,1,7475.4,0.0,0.0,0.0
case069_dc_C0_DEFAULT_N4096_q2_rep4,DC_PUSHSIG_ONLY,C0_DEFAULT,4096,2,4,0,5453.2,0.0,0.0,0.0
case069_dc_C0_DEFAULT_N4096_q2_rep4,DC_PUSHSIG_ONLY,C0_DEFAULT,4096,2,4,1,7470.5,0.0,0.0,0.0
case070_dc_C0_DEFAULT_N4096_q2_rep5,DC_PUSHSIG_ONLY,C0_DEFAULT,4096,2,5,0,5449.1,0.0,0.0,0.0
case070_dc_C0_DEFAULT_N4096_q2_rep5,DC_PUSHSIG_ONLY,C0_DEFAULT,4096,2,5,1,7464.9,0.0,0.0,0.0
case071_d0_C0_DEFAULT_N4096_q4_rep1,D0_FCOLLECT_SERIAL,C0_DEFAULT,4096,4,1,0,11558.9,11575.1,18323.3,6750.7
case072_d0_C0_DEFAULT_N4096_q4_rep2,D0_FCOLLECT_SERIAL,C0_DEFAULT,4096,4,2,0,11582.6,11598.9,18330.4,6752.9
case073_d0_C0_DEFAULT_N4096_q4_rep3,D0_FCOLLECT_SERIAL,C0_DEFAULT,4096,4,3,0,11578.4,11593.9,18356.1,6753.0
case074_d0_C0_DEFAULT_N4096_q4_rep4,D0_FCOLLECT_SERIAL,C0_DEFAULT,4096,4,4,0,11565.7,11582.0,18319.8,6754.2
case075_d0_C0_DEFAULT_N4096_q4_rep5,D0_FCOLLECT_SERIAL,C0_DEFAULT,4096,4,5,0,11578.6,11594.9,18344.6,6758.3
case076_dc_C0_DEFAULT_N4096_q4_rep1,DC_PUSHSIG_ONLY,C0_DEFAULT,4096,4,1,0,2667.4,0.0,0.0,0.0
case076_dc_C0_DEFAULT_N4096_q4_rep1,DC_PUSHSIG_ONLY,C0_DEFAULT,4096,4,1,1,3762.8,0.0,0.0,0.0
case076_dc_C0_DEFAULT_N4096_q4_rep1,DC_PUSHSIG_ONLY,C0_DEFAULT,4096,4,1,2,6503.2,0.0,0.0,0.0
case076_dc_C0_DEFAULT_N4096_q4_rep1,DC_PUSHSIG_ONLY,C0_DEFAULT,4096,4,1,3,7576.4,0.0,0.0,0.0
case077_dc_C0_DEFAULT_N4096_q4_rep2,DC_PUSHSIG_ONLY,C0_DEFAULT,4096,4,2,0,2663.0,0.0,0.0,0.0
case077_dc_C0_DEFAULT_N4096_q4_rep2,DC_PUSHSIG_ONLY,C0_DEFAULT,4096,4,2,1,3759.5,0.0,0.0,0.0
case077_dc_C0_DEFAULT_N4096_q4_rep2,DC_PUSHSIG_ONLY,C0_DEFAULT,4096,4,2,2,6474.4,0.0,0.0,0.0
case077_dc_C0_DEFAULT_N4096_q4_rep2,DC_PUSHSIG_ONLY,C0_DEFAULT,4096,4,2,3,7549.4,0.0,0.0,0.0
case078_dc_C0_DEFAULT_N4096_q4_rep3,DC_PUSHSIG_ONLY,C0_DEFAULT,4096,4,3,0,2662.7,0.0,0.0,0.0
case078_dc_C0_DEFAULT_N4096_q4_rep3,DC_PUSHSIG_ONLY,C0_DEFAULT,4096,4,3,1,3764.5,0.0,0.0,0.0
case078_dc_C0_DEFAULT_N4096_q4_rep3,DC_PUSHSIG_ONLY,C0_DEFAULT,4096,4,3,2,6475.4,0.0,0.0,0.0
case078_dc_C0_DEFAULT_N4096_q4_rep3,DC_PUSHSIG_ONLY,C0_DEFAULT,4096,4,3,3,7548.2,0.0,0.0,0.0
case079_dc_C0_DEFAULT_N4096_q4_rep4,DC_PUSHSIG_ONLY,C0_DEFAULT,4096,4,4,0,2665.9,0.0,0.0,0.0
case079_dc_C0_DEFAULT_N4096_q4_rep4,DC_PUSHSIG_ONLY,C0_DEFAULT,4096,4,4,1,3760.1,0.0,0.0,0.0
case079_dc_C0_DEFAULT_N4096_q4_rep4,DC_PUSHSIG_ONLY,C0_DEFAULT,4096,4,4,2,6468.8,0.0,0.0,0.0
case079_dc_C0_DEFAULT_N4096_q4_rep4,DC_PUSHSIG_ONLY,C0_DEFAULT,4096,4,4,3,7543.7,0.0,0.0,0.0
case080_dc_C0_DEFAULT_N4096_q4_rep5,DC_PUSHSIG_ONLY,C0_DEFAULT,4096,4,5,0,2661.5,0.0,0.0,0.0
case080_dc_C0_DEFAULT_N4096_q4_rep5,DC_PUSHSIG_ONLY,C0_DEFAULT,4096,4,5,1,3760.3,0.0,0.0,0.0
case080_dc_C0_DEFAULT_N4096_q4_rep5,DC_PUSHSIG_ONLY,C0_DEFAULT,4096,4,5,2,6397.3,0.0,0.0,0.0
case080_dc_C0_DEFAULT_N4096_q4_rep5,DC_PUSHSIG_ONLY,C0_DEFAULT,4096,4,5,3,7478.4,0.0,0.0,0.0
case081_d0_C0_DEFAULT_N4096_q8_rep1,D0_FCOLLECT_SERIAL,C0_DEFAULT,4096,8,1,0,11560.9,11577.0,18311.4,6754.7
case082_d0_C0_DEFAULT_N4096_q8_rep2,D0_FCOLLECT_SERIAL,C0_DEFAULT,4096,8,2,0,11565.8,11581.9,18319.0,6754.7
case083_d0_C0_DEFAULT_N4096_q8_rep3,D0_FCOLLECT_SERIAL,C0_DEFAULT,4096,8,3,0,11568.1,11584.8,18358.5,6762.7
case084_d0_C0_DEFAULT_N4096_q8_rep4,D0_FCOLLECT_SERIAL,C0_DEFAULT,4096,8,4,0,11597.0,11613.5,18359.9,6749.1
case085_d0_C0_DEFAULT_N4096_q8_rep5,D0_FCOLLECT_SERIAL,C0_DEFAULT,4096,8,5,0,11596.7,11612.6,18341.9,6741.5
case086_dc_C0_DEFAULT_N4096_q8_rep1,DC_PUSHSIG_ONLY,C0_DEFAULT,4096,8,1,0,1351.9,0.0,0.0,0.0
case086_dc_C0_DEFAULT_N4096_q8_rep1,DC_PUSHSIG_ONLY,C0_DEFAULT,4096,8,1,1,1965.4,0.0,0.0,0.0
case086_dc_C0_DEFAULT_N4096_q8_rep1,DC_PUSHSIG_ONLY,C0_DEFAULT,4096,8,1,2,3247.3,0.0,0.0,0.0
case086_dc_C0_DEFAULT_N4096_q8_rep1,DC_PUSHSIG_ONLY,C0_DEFAULT,4096,8,1,3,4229.2,0.0,0.0,0.0
case086_dc_C0_DEFAULT_N4096_q8_rep1,DC_PUSHSIG_ONLY,C0_DEFAULT,4096,8,1,4,5263.8,0.0,0.0,0.0
case086_dc_C0_DEFAULT_N4096_q8_rep1,DC_PUSHSIG_ONLY,C0_DEFAULT,4096,8,1,5,6538.4,0.0,0.0,0.0
case086_dc_C0_DEFAULT_N4096_q8_rep1,DC_PUSHSIG_ONLY,C0_DEFAULT,4096,8,1,6,9921.6,0.0,0.0,0.0
case086_dc_C0_DEFAULT_N4096_q8_rep1,DC_PUSHSIG_ONLY,C0_DEFAULT,4096,8,1,7,11550.4,0.0,0.0,0.0
case087_dc_C0_DEFAULT_N4096_q8_rep2,DC_PUSHSIG_ONLY,C0_DEFAULT,4096,8,2,0,1366.9,0.0,0.0,0.0
case087_dc_C0_DEFAULT_N4096_q8_rep2,DC_PUSHSIG_ONLY,C0_DEFAULT,4096,8,2,1,1967.7,0.0,0.0,0.0
case087_dc_C0_DEFAULT_N4096_q8_rep2,DC_PUSHSIG_ONLY,C0_DEFAULT,4096,8,2,2,3290.4,0.0,0.0,0.0
case087_dc_C0_DEFAULT_N4096_q8_rep2,DC_PUSHSIG_ONLY,C0_DEFAULT,4096,8,2,3,4066.5,0.0,0.0,0.0
case087_dc_C0_DEFAULT_N4096_q8_rep2,DC_PUSHSIG_ONLY,C0_DEFAULT,4096,8,2,4,5308.7,0.0,0.0,0.0
case087_dc_C0_DEFAULT_N4096_q8_rep2,DC_PUSHSIG_ONLY,C0_DEFAULT,4096,8,2,5,6317.3,0.0,0.0,0.0
case087_dc_C0_DEFAULT_N4096_q8_rep2,DC_PUSHSIG_ONLY,C0_DEFAULT,4096,8,2,6,9582.8,0.0,0.0,0.0
case087_dc_C0_DEFAULT_N4096_q8_rep2,DC_PUSHSIG_ONLY,C0_DEFAULT,4096,8,2,7,11357.1,0.0,0.0,0.0
case088_dc_C0_DEFAULT_N4096_q8_rep3,DC_PUSHSIG_ONLY,C0_DEFAULT,4096,8,3,0,1351.4,0.0,0.0,0.0
case088_dc_C0_DEFAULT_N4096_q8_rep3,DC_PUSHSIG_ONLY,C0_DEFAULT,4096,8,3,1,2011.2,0.0,0.0,0.0
case088_dc_C0_DEFAULT_N4096_q8_rep3,DC_PUSHSIG_ONLY,C0_DEFAULT,4096,8,3,2,3431.5,0.0,0.0,0.0
case088_dc_C0_DEFAULT_N4096_q8_rep3,DC_PUSHSIG_ONLY,C0_DEFAULT,4096,8,3,3,5733.4,0.0,0.0,0.0
case088_dc_C0_DEFAULT_N4096_q8_rep3,DC_PUSHSIG_ONLY,C0_DEFAULT,4096,8,3,4,7132.7,0.0,0.0,0.0
case088_dc_C0_DEFAULT_N4096_q8_rep3,DC_PUSHSIG_ONLY,C0_DEFAULT,4096,8,3,5,8223.1,0.0,0.0,0.0
case088_dc_C0_DEFAULT_N4096_q8_rep3,DC_PUSHSIG_ONLY,C0_DEFAULT,4096,8,3,6,9503.5,0.0,0.0,0.0
case088_dc_C0_DEFAULT_N4096_q8_rep3,DC_PUSHSIG_ONLY,C0_DEFAULT,4096,8,3,7,11347.4,0.0,0.0,0.0
case089_dc_C0_DEFAULT_N4096_q8_rep4,DC_PUSHSIG_ONLY,C0_DEFAULT,4096,8,4,0,1354.6,0.0,0.0,0.0
case089_dc_C0_DEFAULT_N4096_q8_rep4,DC_PUSHSIG_ONLY,C0_DEFAULT,4096,8,4,1,1965.7,0.0,0.0,0.0
case089_dc_C0_DEFAULT_N4096_q8_rep4,DC_PUSHSIG_ONLY,C0_DEFAULT,4096,8,4,2,3316.8,0.0,0.0,0.0
case089_dc_C0_DEFAULT_N4096_q8_rep4,DC_PUSHSIG_ONLY,C0_DEFAULT,4096,8,4,3,4243.9,0.0,0.0,0.0
case089_dc_C0_DEFAULT_N4096_q8_rep4,DC_PUSHSIG_ONLY,C0_DEFAULT,4096,8,4,4,5436.0,0.0,0.0,0.0
case089_dc_C0_DEFAULT_N4096_q8_rep4,DC_PUSHSIG_ONLY,C0_DEFAULT,4096,8,4,5,8317.3,0.0,0.0,0.0
case089_dc_C0_DEFAULT_N4096_q8_rep4,DC_PUSHSIG_ONLY,C0_DEFAULT,4096,8,4,6,9214.3,0.0,0.0,0.0
case089_dc_C0_DEFAULT_N4096_q8_rep4,DC_PUSHSIG_ONLY,C0_DEFAULT,4096,8,4,7,11892.5,0.0,0.0,0.0
case090_dc_C0_DEFAULT_N4096_q8_rep5,DC_PUSHSIG_ONLY,C0_DEFAULT,4096,8,5,0,1355.2,0.0,0.0,0.0
case090_dc_C0_DEFAULT_N4096_q8_rep5,DC_PUSHSIG_ONLY,C0_DEFAULT,4096,8,5,1,1968.3,0.0,0.0,0.0
case090_dc_C0_DEFAULT_N4096_q8_rep5,DC_PUSHSIG_ONLY,C0_DEFAULT,4096,8,5,2,3373.2,0.0,0.0,0.0
case090_dc_C0_DEFAULT_N4096_q8_rep5,DC_PUSHSIG_ONLY,C0_DEFAULT,4096,8,5,3,6586.8,0.0,0.0,0.0
case090_dc_C0_DEFAULT_N4096_q8_rep5,DC_PUSHSIG_ONLY,C0_DEFAULT,4096,8,5,4,8018.7,0.0,0.0,0.0
case090_dc_C0_DEFAULT_N4096_q8_rep5,DC_PUSHSIG_ONLY,C0_DEFAULT,4096,8,5,5,8782.2,0.0,0.0,0.0
case090_dc_C0_DEFAULT_N4096_q8_rep5,DC_PUSHSIG_ONLY,C0_DEFAULT,4096,8,5,6,9711.1,0.0,0.0,0.0
case090_dc_C0_DEFAULT_N4096_q8_rep5,DC_PUSHSIG_ONLY,C0_DEFAULT,4096,8,5,7,10645.8,0.0,0.0,0.0
case091_d0_C0_DEFAULT_N2048_q16_rep1,D0_FCOLLECT_SERIAL,C0_DEFAULT,2048,16,1,0,11557.7,11573.8,14347.8,2769.4
case092_d0_C0_DEFAULT_N2048_q16_rep2,D0_FCOLLECT_SERIAL,C0_DEFAULT,2048,16,2,0,11531.4,11547.8,14321.0,2767.4
case093_d0_C0_DEFAULT_N2048_q16_rep3,D0_FCOLLECT_SERIAL,C0_DEFAULT,2048,16,3,0,11541.4,11557.6,14333.4,2770.5
case094_d0_C0_DEFAULT_N2048_q16_rep4,D0_FCOLLECT_SERIAL,C0_DEFAULT,2048,16,4,0,11563.7,11579.8,14349.8,2769.5
case095_d0_C0_DEFAULT_N2048_q16_rep5,D0_FCOLLECT_SERIAL,C0_DEFAULT,2048,16,5,0,11540.7,11556.5,14324.2,2769.7
case096_dc_C0_DEFAULT_N2048_q16_rep1,DC_PUSHSIG_ONLY,C0_DEFAULT,2048,16,1,0,657.3,0.0,0.0,0.0
case096_dc_C0_DEFAULT_N2048_q16_rep1,DC_PUSHSIG_ONLY,C0_DEFAULT,2048,16,1,1,1262.5,0.0,0.0,0.0
case096_dc_C0_DEFAULT_N2048_q16_rep1,DC_PUSHSIG_ONLY,C0_DEFAULT,2048,16,1,2,4919.3,0.0,0.0,0.0
case096_dc_C0_DEFAULT_N2048_q16_rep1,DC_PUSHSIG_ONLY,C0_DEFAULT,2048,16,1,3,5288.6,0.0,0.0,0.0
case096_dc_C0_DEFAULT_N2048_q16_rep1,DC_PUSHSIG_ONLY,C0_DEFAULT,2048,16,1,4,6132.3,0.0,0.0,0.0
case096_dc_C0_DEFAULT_N2048_q16_rep1,DC_PUSHSIG_ONLY,C0_DEFAULT,2048,16,1,5,6543.3,0.0,0.0,0.0
case096_dc_C0_DEFAULT_N2048_q16_rep1,DC_PUSHSIG_ONLY,C0_DEFAULT,2048,16,1,6,7671.3,0.0,0.0,0.0
case096_dc_C0_DEFAULT_N2048_q16_rep1,DC_PUSHSIG_ONLY,C0_DEFAULT,2048,16,1,7,8385.3,0.0,0.0,0.0
case096_dc_C0_DEFAULT_N2048_q16_rep1,DC_PUSHSIG_ONLY,C0_DEFAULT,2048,16,1,8,9323.3,0.0,0.0,0.0
case096_dc_C0_DEFAULT_N2048_q16_rep1,DC_PUSHSIG_ONLY,C0_DEFAULT,2048,16,1,9,10092.4,0.0,0.0,0.0
case096_dc_C0_DEFAULT_N2048_q16_rep1,DC_PUSHSIG_ONLY,C0_DEFAULT,2048,16,1,10,10916.1,0.0,0.0,0.0
case096_dc_C0_DEFAULT_N2048_q16_rep1,DC_PUSHSIG_ONLY,C0_DEFAULT,2048,16,1,11,11704.6,0.0,0.0,0.0
case096_dc_C0_DEFAULT_N2048_q16_rep1,DC_PUSHSIG_ONLY,C0_DEFAULT,2048,16,1,12,12775.3,0.0,0.0,0.0
case096_dc_C0_DEFAULT_N2048_q16_rep1,DC_PUSHSIG_ONLY,C0_DEFAULT,2048,16,1,13,14066.3,0.0,0.0,0.0
case096_dc_C0_DEFAULT_N2048_q16_rep1,DC_PUSHSIG_ONLY,C0_DEFAULT,2048,16,1,14,15105.9,0.0,0.0,0.0
case096_dc_C0_DEFAULT_N2048_q16_rep1,DC_PUSHSIG_ONLY,C0_DEFAULT,2048,16,1,15,15509.2,0.0,0.0,0.0
case097_dc_C0_DEFAULT_N2048_q16_rep2,DC_PUSHSIG_ONLY,C0_DEFAULT,2048,16,2,0,4849.2,0.0,0.0,0.0
case097_dc_C0_DEFAULT_N2048_q16_rep2,DC_PUSHSIG_ONLY,C0_DEFAULT,2048,16,2,1,6177.6,0.0,0.0,0.0
case097_dc_C0_DEFAULT_N2048_q16_rep2,DC_PUSHSIG_ONLY,C0_DEFAULT,2048,16,2,2,7607.1,0.0,0.0,0.0
case097_dc_C0_DEFAULT_N2048_q16_rep2,DC_PUSHSIG_ONLY,C0_DEFAULT,2048,16,2,3,8279.7,0.0,0.0,0.0
case097_dc_C0_DEFAULT_N2048_q16_rep2,DC_PUSHSIG_ONLY,C0_DEFAULT,2048,16,2,4,8605.3,0.0,0.0,0.0
case097_dc_C0_DEFAULT_N2048_q16_rep2,DC_PUSHSIG_ONLY,C0_DEFAULT,2048,16,2,5,9045.1,0.0,0.0,0.0
case097_dc_C0_DEFAULT_N2048_q16_rep2,DC_PUSHSIG_ONLY,C0_DEFAULT,2048,16,2,6,9498.8,0.0,0.0,0.0
case097_dc_C0_DEFAULT_N2048_q16_rep2,DC_PUSHSIG_ONLY,C0_DEFAULT,2048,16,2,7,9964.0,0.0,0.0,0.0
case097_dc_C0_DEFAULT_N2048_q16_rep2,DC_PUSHSIG_ONLY,C0_DEFAULT,2048,16,2,8,10543.9,0.0,0.0,0.0
case097_dc_C0_DEFAULT_N2048_q16_rep2,DC_PUSHSIG_ONLY,C0_DEFAULT,2048,16,2,9,11202.3,0.0,0.0,0.0
case097_dc_C0_DEFAULT_N2048_q16_rep2,DC_PUSHSIG_ONLY,C0_DEFAULT,2048,16,2,10,11528.6,0.0,0.0,0.0
case097_dc_C0_DEFAULT_N2048_q16_rep2,DC_PUSHSIG_ONLY,C0_DEFAULT,2048,16,2,11,12511.8,0.0,0.0,0.0
case097_dc_C0_DEFAULT_N2048_q16_rep2,DC_PUSHSIG_ONLY,C0_DEFAULT,2048,16,2,12,13792.8,0.0,0.0,0.0
case097_dc_C0_DEFAULT_N2048_q16_rep2,DC_PUSHSIG_ONLY,C0_DEFAULT,2048,16,2,13,14198.3,0.0,0.0,0.0
case097_dc_C0_DEFAULT_N2048_q16_rep2,DC_PUSHSIG_ONLY,C0_DEFAULT,2048,16,2,14,14540.7,0.0,0.0,0.0
case097_dc_C0_DEFAULT_N2048_q16_rep2,DC_PUSHSIG_ONLY,C0_DEFAULT,2048,16,2,15,14899.6,0.0,0.0,0.0
case098_dc_C0_DEFAULT_N2048_q16_rep3,DC_PUSHSIG_ONLY,C0_DEFAULT,2048,16,3,0,842.7,0.0,0.0,0.0
case098_dc_C0_DEFAULT_N2048_q16_rep3,DC_PUSHSIG_ONLY,C0_DEFAULT,2048,16,3,1,1878.0,0.0,0.0,0.0
case098_dc_C0_DEFAULT_N2048_q16_rep3,DC_PUSHSIG_ONLY,C0_DEFAULT,2048,16,3,2,4332.0,0.0,0.0,0.0
case098_dc_C0_DEFAULT_N2048_q16_rep3,DC_PUSHSIG_ONLY,C0_DEFAULT,2048,16,3,3,5294.0,0.0,0.0,0.0
case098_dc_C0_DEFAULT_N2048_q16_rep3,DC_PUSHSIG_ONLY,C0_DEFAULT,2048,16,3,4,6676.0,0.0,0.0,0.0
case098_dc_C0_DEFAULT_N2048_q16_rep3,DC_PUSHSIG_ONLY,C0_DEFAULT,2048,16,3,5,7106.6,0.0,0.0,0.0
case098_dc_C0_DEFAULT_N2048_q16_rep3,DC_PUSHSIG_ONLY,C0_DEFAULT,2048,16,3,6,7626.1,0.0,0.0,0.0
case098_dc_C0_DEFAULT_N2048_q16_rep3,DC_PUSHSIG_ONLY,C0_DEFAULT,2048,16,3,7,8315.2,0.0,0.0,0.0
case098_dc_C0_DEFAULT_N2048_q16_rep3,DC_PUSHSIG_ONLY,C0_DEFAULT,2048,16,3,8,9224.5,0.0,0.0,0.0
case098_dc_C0_DEFAULT_N2048_q16_rep3,DC_PUSHSIG_ONLY,C0_DEFAULT,2048,16,3,9,10201.1,0.0,0.0,0.0
case098_dc_C0_DEFAULT_N2048_q16_rep3,DC_PUSHSIG_ONLY,C0_DEFAULT,2048,16,3,10,10884.3,0.0,0.0,0.0
case098_dc_C0_DEFAULT_N2048_q16_rep3,DC_PUSHSIG_ONLY,C0_DEFAULT,2048,16,3,11,12256.9,0.0,0.0,0.0
case098_dc_C0_DEFAULT_N2048_q16_rep3,DC_PUSHSIG_ONLY,C0_DEFAULT,2048,16,3,12,13780.1,0.0,0.0,0.0
case098_dc_C0_DEFAULT_N2048_q16_rep3,DC_PUSHSIG_ONLY,C0_DEFAULT,2048,16,3,13,14206.4,0.0,0.0,0.0
case098_dc_C0_DEFAULT_N2048_q16_rep3,DC_PUSHSIG_ONLY,C0_DEFAULT,2048,16,3,14,14540.4,0.0,0.0,0.0
case098_dc_C0_DEFAULT_N2048_q16_rep3,DC_PUSHSIG_ONLY,C0_DEFAULT,2048,16,3,15,15174.0,0.0,0.0,0.0
case099_dc_C0_DEFAULT_N2048_q16_rep4,DC_PUSHSIG_ONLY,C0_DEFAULT,2048,16,4,0,3672.8,0.0,0.0,0.0
case099_dc_C0_DEFAULT_N2048_q16_rep4,DC_PUSHSIG_ONLY,C0_DEFAULT,2048,16,4,1,5036.4,0.0,0.0,0.0
case099_dc_C0_DEFAULT_N2048_q16_rep4,DC_PUSHSIG_ONLY,C0_DEFAULT,2048,16,4,2,6536.4,0.0,0.0,0.0
case099_dc_C0_DEFAULT_N2048_q16_rep4,DC_PUSHSIG_ONLY,C0_DEFAULT,2048,16,4,3,7063.7,0.0,0.0,0.0
case099_dc_C0_DEFAULT_N2048_q16_rep4,DC_PUSHSIG_ONLY,C0_DEFAULT,2048,16,4,4,7595.3,0.0,0.0,0.0
case099_dc_C0_DEFAULT_N2048_q16_rep4,DC_PUSHSIG_ONLY,C0_DEFAULT,2048,16,4,5,8173.0,0.0,0.0,0.0
case099_dc_C0_DEFAULT_N2048_q16_rep4,DC_PUSHSIG_ONLY,C0_DEFAULT,2048,16,4,6,8696.2,0.0,0.0,0.0
case099_dc_C0_DEFAULT_N2048_q16_rep4,DC_PUSHSIG_ONLY,C0_DEFAULT,2048,16,4,7,9268.1,0.0,0.0,0.0
case099_dc_C0_DEFAULT_N2048_q16_rep4,DC_PUSHSIG_ONLY,C0_DEFAULT,2048,16,4,8,9757.1,0.0,0.0,0.0
case099_dc_C0_DEFAULT_N2048_q16_rep4,DC_PUSHSIG_ONLY,C0_DEFAULT,2048,16,4,9,11150.2,0.0,0.0,0.0
case099_dc_C0_DEFAULT_N2048_q16_rep4,DC_PUSHSIG_ONLY,C0_DEFAULT,2048,16,4,10,11478.7,0.0,0.0,0.0
case099_dc_C0_DEFAULT_N2048_q16_rep4,DC_PUSHSIG_ONLY,C0_DEFAULT,2048,16,4,11,12229.3,0.0,0.0,0.0
case099_dc_C0_DEFAULT_N2048_q16_rep4,DC_PUSHSIG_ONLY,C0_DEFAULT,2048,16,4,12,13238.2,0.0,0.0,0.0
case099_dc_C0_DEFAULT_N2048_q16_rep4,DC_PUSHSIG_ONLY,C0_DEFAULT,2048,16,4,13,13617.8,0.0,0.0,0.0
case099_dc_C0_DEFAULT_N2048_q16_rep4,DC_PUSHSIG_ONLY,C0_DEFAULT,2048,16,4,14,14434.6,0.0,0.0,0.0
case099_dc_C0_DEFAULT_N2048_q16_rep4,DC_PUSHSIG_ONLY,C0_DEFAULT,2048,16,4,15,14914.8,0.0,0.0,0.0
case100_dc_C0_DEFAULT_N2048_q16_rep5,DC_PUSHSIG_ONLY,C0_DEFAULT,2048,16,5,0,2624.6,0.0,0.0,0.0
case100_dc_C0_DEFAULT_N2048_q16_rep5,DC_PUSHSIG_ONLY,C0_DEFAULT,2048,16,5,1,4454.2,0.0,0.0,0.0
case100_dc_C0_DEFAULT_N2048_q16_rep5,DC_PUSHSIG_ONLY,C0_DEFAULT,2048,16,5,2,5672.6,0.0,0.0,0.0
case100_dc_C0_DEFAULT_N2048_q16_rep5,DC_PUSHSIG_ONLY,C0_DEFAULT,2048,16,5,3,6428.8,0.0,0.0,0.0
case100_dc_C0_DEFAULT_N2048_q16_rep5,DC_PUSHSIG_ONLY,C0_DEFAULT,2048,16,5,4,7510.8,0.0,0.0,0.0
case100_dc_C0_DEFAULT_N2048_q16_rep5,DC_PUSHSIG_ONLY,C0_DEFAULT,2048,16,5,5,8835.3,0.0,0.0,0.0
case100_dc_C0_DEFAULT_N2048_q16_rep5,DC_PUSHSIG_ONLY,C0_DEFAULT,2048,16,5,6,10177.1,0.0,0.0,0.0
case100_dc_C0_DEFAULT_N2048_q16_rep5,DC_PUSHSIG_ONLY,C0_DEFAULT,2048,16,5,7,11065.5,0.0,0.0,0.0
case100_dc_C0_DEFAULT_N2048_q16_rep5,DC_PUSHSIG_ONLY,C0_DEFAULT,2048,16,5,8,11696.6,0.0,0.0,0.0
case100_dc_C0_DEFAULT_N2048_q16_rep5,DC_PUSHSIG_ONLY,C0_DEFAULT,2048,16,5,9,12308.9,0.0,0.0,0.0
case100_dc_C0_DEFAULT_N2048_q16_rep5,DC_PUSHSIG_ONLY,C0_DEFAULT,2048,16,5,10,12758.0,0.0,0.0,0.0
case100_dc_C0_DEFAULT_N2048_q16_rep5,DC_PUSHSIG_ONLY,C0_DEFAULT,2048,16,5,11,13370.0,0.0,0.0,0.0
case100_dc_C0_DEFAULT_N2048_q16_rep5,DC_PUSHSIG_ONLY,C0_DEFAULT,2048,16,5,12,14086.3,0.0,0.0,0.0
case100_dc_C0_DEFAULT_N2048_q16_rep5,DC_PUSHSIG_ONLY,C0_DEFAULT,2048,16,5,13,14464.6,0.0,0.0,0.0
case100_dc_C0_DEFAULT_N2048_q16_rep5,DC_PUSHSIG_ONLY,C0_DEFAULT,2048,16,5,14,14899.6,0.0,0.0,0.0
case100_dc_C0_DEFAULT_N2048_q16_rep5,DC_PUSHSIG_ONLY,C0_DEFAULT,2048,16,5,15,15375.0,0.0,0.0,0.0
