case_id,path,family,candidate,M_local,N,K,q,rep,iterations,iteration_failures,status,t_release_first_max_us_p50,t_release_first_max_us_p05,t_release_first_max_us_p95,t_release_last_max_us_p50,t_release_last_max_us_p05,t_release_last_max_us_p95,t_done_max_us_p50,t_done_max_us_p05,t_done_max_us_p95,gemm_first_start_max_us_p50,gemm_first_start_max_us_p05,gemm_first_start_max_us_p95,gemm_last_end_max_us_p50,gemm_last_end_max_us_p05,gemm_last_end_max_us_p95,gemm_interval_max_us_p50,gemm_interval_max_us_p05,gemm_interval_max_us_p95,e2e_max_us_p50,e2e_max_us_p05,e2e_max_us_p95
case001_d0_C0_DEFAULT_N512_q2_rep1,D0_FCOLLECT_SERIAL,DUSHMEM,C0_DEFAULT,2048,512,2048,2,1,80,0,PASS,11533.581,11327.970,11717.647,11533.581,11327.970,11717.647,11539.660,11334.209,11723.888,11549.819,11344.448,11733.966,12579.569,12372.138,12761.673,1027.386,1019.548,1076.341,12585.169,12377.578,12767.111
case002_d0_C0_DEFAULT_N512_q2_rep2,D0_FCOLLECT_SERIAL,DUSHMEM,C0_DEFAULT,2048,512,2048,2,2,80,0,PASS,11543.671,11364.642,11759.019,11543.671,11364.642,11759.019,11549.832,11371.200,11764.939,11559.909,11381.440,11775.018,12586.895,12428.283,12815.917,1025.703,1020.263,1070.980,12592.414,12433.724,12821.196
case003_d0_C0_DEFAULT_N512_q2_rep3,D0_FCOLLECT_SERIAL,DUSHMEM,C0_DEFAULT,2048,512,2048,2,3,80,0,PASS,11521.113,11345.925,11745.441,11521.113,11345.925,11745.441,11527.354,11352.004,11751.521,11537.353,11361.924,11761.600,12563.695,12391.143,12786.804,1025.622,1017.063,1064.742,12569.135,12396.743,12792.403
case004_d0_C0_DEFAULT_N512_q2_rep4,D0_FCOLLECT_SERIAL,DUSHMEM,C0_DEFAULT,2048,512,2048,2,4,80,0,PASS,11522.792,11395.041,11737.121,11522.792,11395.041,11737.121,11528.873,11401.277,11743.201,11538.953,11411.041,11753.279,12570.016,12438.043,12769.841,1026.263,1021.542,1071.779,12575.456,12443.642,12775.281
case005_d0_C0_DEFAULT_N512_q2_rep5,D0_FCOLLECT_SERIAL,DUSHMEM,C0_DEFAULT,2048,512,2048,2,5,80,0,PASS,11508.953,11389.600,11733.900,11508.953,11389.600,11733.900,11514.874,11396.160,11739.818,11525.194,11406.398,11749.579,12554.176,12433.083,12818.802,1026.421,1020.905,1074.501,12559.697,12438.523,12824.402
case006_dc_C0_DEFAULT_N512_q2_rep1,DC_PUSHSIG_ONLY,DUSHMEM,C0_DEFAULT,2048,512,2048,2,1,80,0,PASS,5448.424,5386.427,5476.575,7451.023,7406.626,7502.140,7461.508,7416.706,7513.180,0.000,0.000,0.000,0.000,0.000,0.000,0.000,0.000,0.000,7460.788,7415.586,7512.060
case007_dc_C0_DEFAULT_N512_q2_rep2,DC_PUSHSIG_ONLY,DUSHMEM,C0_DEFAULT,2048,512,2048,2,2,80,0,PASS,5442.904,5399.706,5472.822,7443.023,7406.303,7488.073,7452.221,7414.783,7496.392,0.000,0.000,0.000,0.000,0.000,0.000,0.000,0.000,0.000,7451.502,7413.663,7495.433
case008_dc_C0_DEFAULT_N512_q2_rep3,DC_PUSHSIG_ONLY,DUSHMEM,C0_DEFAULT,2048,512,2048,2,3,80,0,PASS,5441.624,5396.187,5480.982,7450.061,7422.144,7581.347,7460.142,7433.024,7595.906,0.000,0.000,0.000,0.000,0.000,0.000,0.000,0.000,0.000,7459.422,7431.744,7597.026
case009_dc_C0_DEFAULT_N512_q2_rep4,DC_PUSHSIG_ONLY,DUSHMEM,C0_DEFAULT,2048,512,2048,2,4,80,0,PASS,5447.384,5413.466,5472.662,7451.581,7437.983,7482.620,7461.743,7448.382,7492.859,0.000,0.000,0.000,0.000,0.000,0.000,0.000,0.000,0.000,7461.022,7447.102,7491.579
case010_dc_C0_DEFAULT_N512_q2_rep5,DC_PUSHSIG_ONLY,DUSHMEM,C0_DEFAULT,2048,512,2048,2,5,80,0,PASS,5444.824,5404.826,5481.142,7451.109,7428.545,7502.618,7462.462,7438.795,7513.658,0.000,0.000,0.000,0.000,0.000,0.000,0.000,0.000,0.000,7462.707,7439.915,7514.778
case011_d0_C0_DEFAULT_N512_q4_rep1,D0_FCOLLECT_SERIAL,DUSHMEM,C0_DEFAULT,2048,512,2048,4,1,80,0,PASS,11518.712,11354.721,11663.685,11518.712,11354.721,11663.685,11524.792,11360.800,11669.925,11534.951,11370.880,11680.004,12566.106,12393.566,12710.968,1026.182,1019.143,1073.060,12571.546,12399.005,12716.408
case012_d0_C0_DEFAULT_N512_q4_rep2,D0_FCOLLECT_SERIAL,DUSHMEM,C0_DEFAULT,2048,512,2048,4,2,80,0,PASS,11507.923,11351.041,11769.577,11507.923,11351.041,11769.577,11513.843,11356.961,11775.656,11523.843,11366.881,11785.736,12560.105,12394.186,12850.501,1025.701,1020.902,1069.219,12565.546,12399.786,12855.939
case013_d0_C0_DEFAULT_N512_q4_rep3,D0_FCOLLECT_SERIAL,DUSHMEM,C0_DEFAULT,2048,512,2048,4,3,80,0,PASS,11518.474,11345.251,11792.108,11518.474,11345.251,11792.108,11524.412,11351.652,11797.896,11534.413,11362.055,11807.817,12570.096,12397.591,12835.892,1026.624,1021.186,1069.992,12575.698,12403.032,12841.333
case014_d0_C0_DEFAULT_N512_q4_rep4,D0_FCOLLECT_SERIAL,DUSHMEM,C0_DEFAULT,2048,512,2048,4,4,80,0,PASS,11513.986,11341.831,11679.921,11513.986,11341.831,11679.921,11519.910,11347.754,11686.164,11529.914,11357.698,11696.249,12562.544,12383.733,12785.189,1027.095,1020.454,1065.912,12567.907,12389.656,12790.632
case015_d0_C0_DEFAULT_N512_q4_rep5,D0_FCOLLECT_SERIAL,DUSHMEM,C0_DEFAULT,2048,512,2048,4,5,80,0,PASS,11500.752,11374.000,11692.586,11500.752,11374.000,11692.586,11506.915,11380.264,11698.508,11517.078,11390.347,11708.271,12546.800,12420.003,12735.377,1027.603,1021.500,1035.113,12552.402,12425.444,12740.979
case016_dc_C0_DEFAULT_N512_q4_rep1,DC_PUSHSIG_ONLY,DUSHMEM,C0_DEFAULT,2048,512,2048,4,1,80,0,PASS,2661.855,2593.139,2686.894,7522.151,7315.909,7639.584,7530.950,7326.149,7645.824,0.000,0.000,0.000,0.000,0.000,0.000,0.000,0.000,0.000,7529.750,7327.429,7647.104
case017_dc_C0_DEFAULT_N512_q4_rep2,DC_PUSHSIG_ONLY,DUSHMEM,C0_DEFAULT,2048,512,2048,4,2,80,0,PASS,2669.455,2606.738,2717.132,7565.108,7393.824,9136.129,7573.508,7405.024,9146.848,0.000,0.000,0.000,0.000,0.000,0.000,0.000,0.000,0.000,7573.108,7403.744,9145.568
case018_dc_C0_DEFAULT_N512_q4_rep3,DC_PUSHSIG_ONLY,DUSHMEM,C0_DEFAULT,2048,512,2048,4,3,80,0,PASS,2666.495,2636.017,2697.933,7572.627,7453.023,7654.142,7583.026,7463.743,7664.381,0.000,0.000,0.000,0.000,0.000,0.000,0.000,0.000,0.000,7581.907,7462.623,7663.101
case019_dc_C0_DEFAULT_N512_q4_rep4,DC_PUSHSIG_ONLY,DUSHMEM,C0_DEFAULT,2048,512,2048,4,4,80,0,PASS,2664.815,2634.096,2695.217,7579.833,7460.394,7680.873,7589.992,7470.633,7690.792,0.000,0.000,0.000,0.000,0.000,0.000,0.000,0.000,0.000,7589.992,7469.513,7692.072
case020_dc_C0_DEFAULT_N512_q4_rep5,DC_PUSHSIG_ONLY,DUSHMEM,C0_DEFAULT,2048,512,2048,4,5,80,0,PASS,2672.814,2620.339,2724.652,7606.786,7449.353,8722.245,7616.706,7459.432,8732.484,0.000,0.000,0.000,0.000,0.000,0.000,0.000,0.000,0.000,7615.985,7458.312,8731.205
case021_d0_C0_DEFAULT_N512_q8_rep1,D0_FCOLLECT_SERIAL,DUSHMEM,C0_DEFAULT,2048,512,2048,8,1,80,0,PASS,11484.636,11363.680,11690.065,11484.636,11363.680,11690.065,11490.793,11369.920,11696.145,11500.715,11379.679,11706.064,12537.867,12404.604,12746.644,1025.863,1018.024,1070.020,12543.306,12410.044,12752.084
case022_d0_C0_DEFAULT_N512_q8_rep2,D0_FCOLLECT_SERIAL,DUSHMEM,C0_DEFAULT,2048,512,2048,8,2,80,0,PASS,11513.673,11357.622,11708.803,11513.673,11357.622,11708.803,11520.003,11364.022,11714.722,11530.243,11374.261,11725.281,12562.813,12396.125,12755.604,1026.582,1020.903,1076.580,12568.333,12401.725,12761.205
case023_d0_C0_DEFAULT_N512_q8_rep3,D0_FCOLLECT_SERIAL,DUSHMEM,C0_DEFAULT,2048,512,2048,8,3,80,0,PASS,11525.272,11351.683,11704.003,11525.272,11351.683,11704.003,11531.353,11357.604,11710.083,11541.672,11367.522,11720.002,12563.373,12393.382,12745.205,1026.022,1019.463,1066.022,12568.813,12398.822,12750.644
case024_d0_C0_DEFAULT_N512_q8_rep4,D0_FCOLLECT_SERIAL,DUSHMEM,C0_DEFAULT,2048,512,2048,8,4,80,0,PASS,11519.673,11348.004,11730.860,11519.673,11348.004,11730.860,11525.833,11354.244,11737.101,11536.232,11364.644,11747.020,12571.853,12389.386,12776.403,1026.342,1019.463,1074.820,12577.453,12394.825,12782.003
case025_d0_C0_DEFAULT_N512_q8_rep5,D0_FCOLLECT_SERIAL,DUSHMEM,C0_DEFAULT,2048,512,2048,8,5,80,0,PASS,11516.337,11372.278,11731.109,11516.337,11372.278,11731.109,11522.496,11378.198,11737.030,11532.576,11387.959,11748.230,12560.099,12415.679,12769.704,1027.236,1020.995,1066.276,12565.700,12420.959,12775.304
case026_dc_C0_DEFAULT_N512_q8_rep1,DC_PUSHSIG_ONLY,DUSHMEM,C0_DEFAULT,2048,512,2048,8,1,80,0,PASS,1368.966,1187.774,9453.085,11756.229,7667.089,16355.240,11614.799,7675.409,16284.366,0.000,0.000,0.000,0.000,0.000,0.000,0.000,0.000,0.000,11769.748,7678.768,16363.560
case027_dc_C0_DEFAULT_N512_q8_rep2,DC_PUSHSIG_ONLY,DUSHMEM,C0_DEFAULT,2048,512,2048,8,2,80,0,PASS,1364.486,1182.813,7572.054,10300.870,7502.940,15651.759,10310.869,7511.419,15661.680,0.000,0.000,0.000,0.000,0.000,0.000,0.000,0.000,0.000,10326.228,7512.699,15660.559
case028_dc_C0_DEFAULT_N512_q8_rep3,DC_PUSHSIG_ONLY,DUSHMEM,C0_DEFAULT,2048,512,2048,8,3,80,0,PASS,1364.966,1188.095,9236.298,10989.221,7434.308,16463.074,11037.698,7443.268,16472.033,0.000,0.000,0.000,0.000,0.000,0.000,0.000,0.000,0.000,11038.418,7445.348,16470.912
case029_dc_C0_DEFAULT_N512_q8_rep4,DC_PUSHSIG_ONLY,DUSHMEM,C0_DEFAULT,2048,512,2048,8,4,80,0,PASS,1368.166,1208.732,5928.637,11560.710,7599.106,16577.148,11570.390,7608.706,16586.107,0.000,0.000,0.000,0.000,0.000,0.000,0.000,0.000,0.000,11570.389,7607.586,16588.186
case030_dc_C0_DEFAULT_N512_q8_rep5,DC_PUSHSIG_ONLY,DUSHMEM,C0_DEFAULT,2048,512,2048,8,5,80,0,PASS,1375.205,1183.776,6793.058,10637.401,7508.552,16333.510,10647.001,7517.831,16342.951,0.000,0.000,0.000,0.000,0.000,0.000,0.000,0.000,0.000,10649.800,7518.951,16344.070
case031_d0_C0_DEFAULT_N2048_q2_rep1,D0_FCOLLECT_SERIAL,DUSHMEM,C0_DEFAULT,2048,2048,2048,2,1,80,0,PASS,11549.031,11358.401,11815.836,11549.031,11358.401,11815.836,11555.829,11363.841,11821.916,11565.749,11373.941,11831.996,14339.926,14148.164,14608.940,2766.803,2755.370,2783.044,14345.365,14153.764,14614.380
case032_d0_C0_DEFAULT_N2048_q2_rep2,D0_FCOLLECT_SERIAL,DUSHMEM,C0_DEFAULT,2048,2048,2048,2,2,80,0,PASS,11564.951,11368.961,11693.425,11564.951,11368.961,11693.425,11571.111,11375.041,11699.505,11581.350,11385.280,11709.584,14351.768,14155.047,14495.183,2769.845,2754.730,2786.723,14357.287,14160.646,14500.623
case033_d0_C0_DEFAULT_N2048_q2_rep3,D0_FCOLLECT_SERIAL,DUSHMEM,C0_DEFAULT,2048,2048,2048,2,3,80,0,PASS,11548.722,11418.079,11772.938,11548.722,11418.079,11772.938,11555.122,11424.159,11779.339,11565.442,11434.078,11789.897,14321.930,14196.668,14593.104,2766.007,2753.126,2781.129,14327.449,14202.267,14598.702
case034_d0_C0_DEFAULT_N2048_q2_rep4,D0_FCOLLECT_SERIAL,DUSHMEM,C0_DEFAULT,2048,2048,2048,2,4,80,0,PASS,11570.809,11384.660,11763.520,11570.809,11384.660,11763.520,11576.968,11390.898,11769.599,11587.049,11400.979,11779.519,14355.278,14174.561,14545.102,2767.364,2754.570,2783.363,14360.878,14179.841,14550.541
case035_d0_C0_DEFAULT_N2048_q2_rep5,D0_FCOLLECT_SERIAL,DUSHMEM,C0_DEFAULT,2048,2048,2048,2,5,80,0,PASS,11549.272,11345.925,11737.419,11549.272,11345.925,11737.419,11555.592,11352.003,11743.183,11565.912,11362.083,11753.261,14330.554,14132.644,14531.505,2766.804,2755.685,2779.204,14335.994,14138.244,14536.945
case036_dc_C0_DEFAULT_N2048_q2_rep1,DC_PUSHSIG_ONLY,DUSHMEM,C0_DEFAULT,2048,2048,2048,2,1,80,0,PASS,5469.142,5358.428,5525.939,7477.261,7415.745,8863.023,7487.581,7426.305,8872.944,0.000,0.000,0.000,0.000,0.000,0.000,0.000,0.000,0.000,7488.620,7427.425,8871.824
case037_dc_C0_DEFAULT_N2048_q2_rep2,DC_PUSHSIG_ONLY,DUSHMEM,C0_DEFAULT,2048,2048,2048,2,2,80,0,PASS,5467.368,5372.518,5496.854,7474.636,7419.324,7496.819,7484.208,7427.165,7507.187,0.000,0.000,0.000,0.000,0.000,0.000,0.000,0.000,0.000,7483.574,7426.205,7506.067
case038_dc_C0_DEFAULT_N2048_q2_rep3,DC_PUSHSIG_ONLY,DUSHMEM,C0_DEFAULT,2048,2048,2048,2,3,80,0,PASS,5471.636,5378.715,5518.617,7477.958,7424.095,7518.868,7488.521,7434.979,7530.233,0.000,0.000,0.000,0.000,0.000,0.000,0.000,0.000,0.000,7488.282,7433.859,7529.112
case039_dc_C0_DEFAULT_N2048_q2_rep4,DC_PUSHSIG_ONLY,DUSHMEM,C0_DEFAULT,2048,2048,2048,2,4,80,0,PASS,5473.330,5401.393,5515.692,7476.702,7432.014,7513.129,7487.207,7442.738,7523.373,0.000,0.000,0.000,0.000,0.000,0.000,0.000,0.000,0.000,7486.880,7441.617,7522.591
case040_dc_C0_DEFAULT_N2048_q2_rep5,DC_PUSHSIG_ONLY,DUSHMEM,C0_DEFAULT,2048,2048,2048,2,5,80,0,PASS,5459.143,5377.468,5502.741,7471.020,7433.982,7516.550,7481.741,7445.341,7527.270,0.000,0.000,0.000,0.000,0.000,0.000,0.000,0.000,0.000,7481.661,7445.982,7528.390
case041_d0_C0_DEFAULT_N2048_q4_rep1,D0_FCOLLECT_SERIAL,DUSHMEM,C0_DEFAULT,2048,2048,2048,4,1,80,0,PASS,11554.960,11390.420,12114.680,11554.960,11390.420,12114.680,11560.720,11396.500,12120.598,11570.789,11406.419,12130.518,14334.888,14168.966,14906.361,2766.564,2752.165,2788.163,14340.326,14174.405,14911.803
case042_d0_C0_DEFAULT_N2048_q4_rep2,D0_FCOLLECT_SERIAL,DUSHMEM,C0_DEFAULT,2048,2048,2048,4,2,80,0,PASS,11538.791,11402.078,11748.941,11538.791,11402.078,11748.941,11544.872,11407.997,11755.021,11554.952,11417.757,11765.100,14327.448,14181.284,14612.806,2767.208,2752.645,2793.128,14332.968,14186.723,14618.564
case043_d0_C0_DEFAULT_N2048_q4_rep3,D0_FCOLLECT_SERIAL,DUSHMEM,C0_DEFAULT,2048,2048,2048,4,3,80,0,PASS,11538.572,11424.818,11788.297,11538.572,11424.818,11788.297,11544.971,11431.378,11794.056,11555.211,11441.617,11803.815,14326.556,14206.239,14573.579,2767.045,2752.966,2785.767,14331.995,14211.681,14578.859
case044_d0_C0_DEFAULT_N2048_q4_rep4,D0_FCOLLECT_SERIAL,DUSHMEM,C0_DEFAULT,2048,2048,2048,4,4,80,0,PASS,11542.803,11383.680,11752.299,11542.803,11383.680,11752.299,11549.033,11389.599,11758.218,11559.192,11399.061,11767.978,14329.127,14169.922,14571.663,2768.164,2757.446,2786.409,14334.647,14175.361,14577.103
case045_d0_C0_DEFAULT_N2048_q4_rep5,D0_FCOLLECT_SERIAL,DUSHMEM,C0_DEFAULT,2048,2048,2048,4,5,80,0,PASS,11529.283,11411.038,11711.843,11529.283,11411.038,11711.843,11535.603,11417.118,11718.083,11545.842,11427.197,11728.162,14309.448,14193.283,14485.586,2766.245,2754.730,2782.728,14314.968,14198.882,14491.187
case046_dc_C0_DEFAULT_N2048_q4_rep1,DC_PUSHSIG_ONLY,DUSHMEM,C0_DEFAULT,2048,2048,2048,4,1,80,0,PASS,2672.255,2575.060,2710.572,7572.227,7351.920,7679.102,7581.987,7361.360,7689.982,0.000,0.000,0.000,0.000,0.000,0.000,0.000,0.000,0.000,7580.868,7360.080,7688.702
case047_dc_C0_DEFAULT_N2048_q4_rep2,DC_PUSHSIG_ONLY,DUSHMEM,C0_DEFAULT,2048,2048,2048,4,2,80,0,PASS,2673.534,2618.738,2709.292,7566.068,7426.784,7678.462,7575.747,7437.343,7689.341,0.000,0.000,0.000,0.000,0.000,0.000,0.000,0.000,0.000,7575.828,7436.063,7688.221
case048_dc_C0_DEFAULT_N2048_q4_rep3,DC_PUSHSIG_ONLY,DUSHMEM,C0_DEFAULT,2048,2048,2048,4,3,80,0,PASS,2676.894,2618.417,2698.573,7596.707,7443.422,8885.903,7606.706,7452.062,8895.821,0.000,0.000,0.000,0.000,0.000,0.000,0.000,0.000,0.000,7606.226,7451.102,8896.942
case049_dc_C0_DEFAULT_N2048_q4_rep4,DC_PUSHSIG_ONLY,DUSHMEM,C0_DEFAULT,2048,2048,2048,4,4,80,0,PASS,2671.609,2586.849,2698.085,7573.030,7409.678,7689.153,7582.791,7419.599,7699.874,0.000,0.000,0.000,0.000,0.000,0.000,0.000,0.000,0.000,7581.591,7419.227,7698.754
case050_dc_C0_DEFAULT_N2048_q4_rep5,DC_PUSHSIG_ONLY,DUSHMEM,C0_DEFAULT,2048,2048,2048,4,5,80,0,PASS,2666.947,2594.775,2730.154,7565.566,7402.787,7684.318,7575.648,7413.988,7698.880,0.000,0.000,0.000,0.000,0.000,0.000,0.000,0.000,0.000,7575.560,7414.948,7697.760
case051_d0_C0_DEFAULT_N2048_q8_rep1,D0_FCOLLECT_SERIAL,DUSHMEM,C0_DEFAULT,2048,2048,2048,8,1,80,0,PASS,11554.710,11363.682,11868.612,11554.710,11363.682,11868.612,11560.549,11369.921,11875.331,11570.788,11380.320,11884.931,14342.314,14159.069,14646.562,2771.045,2755.365,2790.563,14347.912,14164.509,14652.162
case052_d0_C0_DEFAULT_N2048_q8_rep2,D0_FCOLLECT_SERIAL,DUSHMEM,C0_DEFAULT,2048,2048,2048,8,2,80,0,PASS,11562.871,11359.523,11681.905,11562.871,11359.523,11681.905,11568.710,11365.604,11687.846,11578.710,11375.522,11697.924,14348.167,14133.444,14507.025,2768.005,2754.890,2786.563,14353.686,14139.045,14512.626
case053_d0_C0_DEFAULT_N2048_q8_rep3,D0_FCOLLECT_SERIAL,DUSHMEM,C0_DEFAULT,2048,2048,2048,8,3,80,0,PASS,11531.842,11386.718,11688.163,11531.842,11386.718,11688.163,11537.843,11392.799,11694.562,11547.842,11403.038,11704.643,14317.128,14173.603,14477.109,2769.444,2757.445,2785.444,14322.648,14179.041,14482.548
case054_d0_C0_DEFAULT_N2048_q8_rep4,D0_FCOLLECT_SERIAL,DUSHMEM,C0_DEFAULT,2048,2048,2048,8,4,80,0,PASS,11562.871,11386.079,11748.301,11562.871,11386.079,11748.301,11569.111,11391.679,11754.700,11579.350,11401.438,11764.780,14345.355,14172.668,14537.743,2768.566,2750.565,2784.964,14350.874,14178.427,14543.343
case055_d0_C0_DEFAULT_N2048_q8_rep5,D0_FCOLLECT_SERIAL,DUSHMEM,C0_DEFAULT,2048,2048,2048,8,5,80,0,PASS,11534.154,11373.441,11711.184,11534.154,11373.441,11711.184,11540.314,11379.202,11717.584,11550.321,11388.801,11727.663,14314.158,14165.469,14486.064,2766.727,2753.925,2785.929,14319.609,14170.909,14491.665
case056_dc_C0_DEFAULT_N2048_q8_rep1,DC_PUSHSIG_ONLY,DUSHMEM,C0_DEFAULT,2048,2048,2048,8,1,80,0,PASS,1372.245,1237.852,10333.338,10528.287,7638.452,16553.787,10538.126,7648.212,16563.867,0.000,0.000,0.000,0.000,0.000,0.000,0.000,0.000,0.000,10536.926,7669.648,16568.826
case057_dc_C0_DEFAULT_N2048_q8_rep2,DC_PUSHSIG_ONLY,DUSHMEM,C0_DEFAULT,2048,2048,2048,8,2,80,0,PASS,1368.806,1186.175,1425.042,11122.977,7621.333,15865.513,11132.256,7629.973,15873.514,0.000,0.000,0.000,0.000,0.000,0.000,0.000,0.000,0.000,11135.136,7631.093,15891.105
case058_dc_C0_DEFAULT_N2048_q8_rep3,DC_PUSHSIG_ONLY,DUSHMEM,C0_DEFAULT,2048,2048,2048,8,3,80,0,PASS,1371.285,1185.215,10924.027,11379.680,7417.823,16973.928,11222.169,7428.223,16983.848,0.000,0.000,0.000,0.000,0.000,0.000,0.000,0.000,0.000,11414.397,7427.103,16984.969
case059_dc_C0_DEFAULT_N2048_q8_rep4,DC_PUSHSIG_ONLY,DUSHMEM,C0_DEFAULT,2048,2048,2048,8,4,80,0,PASS,1360.406,1189.055,7386.958,10697.961,7435.744,16154.771,10709.880,7441.664,16163.891,0.000,0.000,0.000,0.000,0.000,0.000,0.000,0.000,0.000,10710.599,7443.584,16171.570
case060_dc_C0_DEFAULT_N2048_q8_rep5,DC_PUSHSIG_ONLY,DUSHMEM,C0_DEFAULT,2048,2048,2048,8,5,80,0,PASS,1379.205,1192.893,10229.665,11114.416,7663.570,16321.327,10839.952,7673.329,16331.247,0.000,0.000,0.000,0.000,0.000,0.000,0.000,0.000,0.000,11124.655,7674.609,16329.968
case061_d0_C0_DEFAULT_N4096_q2_rep1,D0_FCOLLECT_SERIAL,DUSHMEM,C0_DEFAULT,2048,4096,2048,2,1,80,0,PASS,11564.094,11403.617,11779.848,11564.094,11403.617,11779.848,11570.018,11409.537,11786.248,11580.015,11419.541,11796.488,18341.383,18149.809,18572.549,6750.558,6621.179,6837.883,18346.823,18155.408,18577.988
case062_d0_C0_DEFAULT_N4096_q2_rep2,D0_FCOLLECT_SERIAL,DUSHMEM,C0_DEFAULT,2048,4096,2048,2,2,80,0,PASS,11605.888,11458.701,11753.555,11605.888,11458.701,11753.555,11612.052,11465.265,11759.797,11622.296,11475.669,11770.202,18393.519,18230.328,20501.732,6764.041,6668.079,6886.574,18399.043,18235.932,20507.334
case063_d0_C0_DEFAULT_N4096_q2_rep3,D0_FCOLLECT_SERIAL,DUSHMEM,C0_DEFAULT,2048,4096,2048,2,3,80,0,PASS,11581.894,11396.948,13539.172,11581.894,11396.948,13539.172,11588.055,11402.869,13544.935,11598.298,11412.951,13554.376,18359.949,18118.420,20291.832,6745.439,6633.443,6841.232,18365.469,18123.859,20297.594
case064_d0_C0_DEFAULT_N4096_q2_rep4,D0_FCOLLECT_SERIAL,DUSHMEM,C0_DEFAULT,2048,4096,2048,2,4,80,0,PASS,11591.039,11440.178,11737.120,11591.039,11440.178,11737.121,11596.798,11446.257,11743.200,11606.638,11456.337,11753.120,18341.686,18158.660,18554.670,6754.342,6636.588,6830.656,18347.126,18164.102,18560.107
case065_d0_C0_DEFAULT_N4096_q2_rep5,D0_FCOLLECT_SERIAL,DUSHMEM,C0_DEFAULT,2048,4096,2048,2,5,80,0,PASS,11564.161,11394.878,11729.580,11564.161,11394.878,11729.580,11570.401,11400.798,11735.499,11580.641,11410.396,11745.579,18325.546,18086.504,20298.059,6744.662,6580.762,6852.256,18331.067,18091.943,20303.820
case066_dc_C0_DEFAULT_N4096_q2_rep1,DC_PUSHSIG_ONLY,DUSHMEM,C0_DEFAULT,2048,4096,2048,2,1,80,0,PASS,5466.423,5364.348,7441.823,7482.547,7423.904,10302.640,7493.586,7434.623,10313.519,0.000,0.000,0.000,0.000,0.000,0.000,0.000,0.000,0.000,7492.386,7433.343,10312.398
case067_dc_C0_DEFAULT_N4096_q2_rep2,DC_PUSHSIG_ONLY,DUSHMEM,C0_DEFAULT,2048,4096,2048,2,2,80,0,PASS,5463.382,5297.631,5606.895,7472.387,7374.305,7600.706,7483.020,7384.704,7611.906,0.000,0.000,0.000,0.000,0.000,0.000,0.000,0.000,0.000,7484.940,7383.584,7610.626
case068_dc_C0_DEFAULT_N4096_q2_rep3,DC_PUSHSIG_ONLY,DUSHMEM,C0_DEFAULT,2048,4096,2048,2,3,80,0,PASS,5460.263,5397.787,5516.340,7475.421,7428.063,7535.750,7486.388,7438.783,7547.110,0.000,0.000,0.000,0.000,0.000,0.000,0.000,0.000,0.000,7486.233,7439.903,7545.830
case069_dc_C0_DEFAULT_N4096_q2_rep4,DC_PUSHSIG_ONLY,DUSHMEM,C0_DEFAULT,2048,4096,2048,2,4,80,0,PASS,5453.223,5370.588,5511.860,7470.462,7412.545,7513.991,7480.381,7423.585,7525.031,0.000,0.000,0.000,0.000,0.000,0.000,0.000,0.000,0.000,7479.901,7425.504,7526.151
case070_dc_C0_DEFAULT_N4096_q2_rep5,DC_PUSHSIG_ONLY,DUSHMEM,C0_DEFAULT,2048,4096,2048,2,5,80,0,PASS,5449.144,5260.836,6568.111,7464.942,7380.068,9677.379,7476.221,7391.267,9687.778,0.000,0.000,0.000,0.000,0.000,0.000,0.000,0.000,0.000,7475.181,7389.987,9686.658
case071_d0_C0_DEFAULT_N4096_q4_rep1,D0_FCOLLECT_SERIAL,DUSHMEM,C0_DEFAULT,2048,4096,2048,4,1,80,0,PASS,11558.870,11411.039,11837.916,11558.870,11411.039,11837.916,11565.030,11417.599,11844.315,11575.109,11427.838,11854.716,18323.291,18150.182,20337.256,6750.741,6615.960,6836.416,18328.730,18155.461,20342.537
case072_d0_C0_DEFAULT_N4096_q4_rep2,D0_FCOLLECT_SERIAL,DUSHMEM,C0_DEFAULT,2048,4096,2048,4,2,80,0,PASS,11582.550,11474.237,11759.021,11582.550,11474.237,11759.021,11588.791,11480.636,11765.102,11598.870,11490.895,11775.180,18330.426,18161.855,18550.156,6752.912,6630.987,6836.908,18335.866,18167.455,18555.756
case073_d0_C0_DEFAULT_N4096_q4_rep3,D0_FCOLLECT_SERIAL,DUSHMEM,C0_DEFAULT,2048,4096,2048,4,3,80,0,PASS,11578.425,11436.984,11773.513,11578.425,11436.984,11773.513,11584.185,11442.905,11779.435,11593.947,11452.827,11789.517,18356.134,18096.686,20275.451,6752.996,6618.409,6852.189,18361.574,18102.287,20280.891
case074_d0_C0_DEFAULT_N4096_q4_rep4,D0_FCOLLECT_SERIAL,DUSHMEM,C0_DEFAULT,2048,4096,2048,4,4,80,0,PASS,11565.726,11406.112,11805.978,11565.726,11406.112,11805.978,11571.887,11412.515,11811.899,11582.048,11422.916,11821.980,18319.772,18150.512,18612.232,6754.159,6627.563,6845.924,18325.294,18156.273,18617.672
case075_d0_C0_DEFAULT_N4096_q4_rep5,D0_FCOLLECT_SERIAL,DUSHMEM,C0_DEFAULT,2048,4096,2048,4,5,80,0,PASS,11578.627,11439.836,11830.058,11578.627,11439.836,11830.058,11584.879,11445.438,11836.137,11594.877,11455.355,11846.216,18344.584,18154.824,20284.301,6758.272,6610.989,6813.538,18350.104,18160.424,20289.900
case076_dc_C0_DEFAULT_N4096_q4_rep1,DC_PUSHSIG_ONLY,DUSHMEM,C0_DEFAULT,2048,4096,2048,4,1,80,0,PASS,2667.375,2580.500,2698.573,7576.388,7398.466,7676.222,7586.147,7407.746,7686.301,0.000,0.000,0.000,0.000,0.000,0.000,0.000,0.000,0.000,7585.907,7406.626,7701.181
case077_dc_C0_DEFAULT_N4096_q4_rep2,DC_PUSHSIG_ONLY,DUSHMEM,C0_DEFAULT,2048,4096,2048,4,2,80,0,PASS,2662.975,2606.738,2694.894,7549.429,7393.837,7686.302,7559.428,7405.196,7696.221,0.000,0.000,0.000,0.000,0.000,0.000,0.000,0.000,0.000,7559.188,7404.077,7697.501
case078_dc_C0_DEFAULT_N4096_q4_rep3,DC_PUSHSIG_ONLY,DUSHMEM,C0_DEFAULT,2048,4096,2048,4,3,80,0,PASS,2662.735,2595.700,2701.293,7548.229,7398.466,8581.453,7558.708,7408.065,8592.172,0.000,0.000,0.000,0.000,0.000,0.000,0.000,0.000,0.000,7557.189,7406.785,8593.292
case079_dc_C0_DEFAULT_N4096_q4_rep4,DC_PUSHSIG_ONLY,DUSHMEM,C0_DEFAULT,2048,4096,2048,4,4,80,0,PASS,2665.935,2605.139,2710.412,7543.669,7389.678,9603.157,7552.789,7397.997,9613.877,0.000,0.000,0.000,0.000,0.000,0.000,0.000,0.000,0.000,7551.749,7397.037,9612.598
case080_dc_C0_DEFAULT_N4096_q4_rep5,DC_PUSHSIG_ONLY,DUSHMEM,C0_DEFAULT,2048,4096,2048,4,5,80,0,PASS,2661.455,2582.740,2688.333,7478.380,7358.466,7648.544,7488.306,7368.386,7658.463,0.000,0.000,0.000,0.000,0.000,0.000,0.000,0.000,0.000,7487.185,7367.106,7676.862
case081_d0_C0_DEFAULT_N4096_q8_rep1,D0_FCOLLECT_SERIAL,DUSHMEM,C0_DEFAULT,2048,4096,2048,8,1,80,0,PASS,11560.871,11429.119,11769.580,11560.871,11429.119,11769.580,11566.950,11435.199,11775.500,11577.030,11445.118,11785.579,18311.404,18182.820,18587.119,6754.741,6640.107,6849.057,18317.004,18188.420,18592.559
case082_d0_C0_DEFAULT_N4096_q8_rep2,D0_FCOLLECT_SERIAL,DUSHMEM,C0_DEFAULT,2048,4096,2048,8,2,80,0,PASS,11565.831,11434.078,11728.620,11565.831,11434.078,11728.620,11571.911,11439.839,11734.701,11581.909,11449.758,11744.939,18318.987,18178.020,18582.348,6754.747,6657.558,6855.627,18324.588,18183.619,18587.787
case083_d0_C0_DEFAULT_N4096_q8_rep3,D0_FCOLLECT_SERIAL,DUSHMEM,C0_DEFAULT,2048,4096,2048,8,3,80,0,PASS,11568.081,11415.040,11810.696,11568.081,11415.040,11810.696,11574.560,11421.440,11816.777,11584.801,11431.519,11826.696,18358.486,18165.061,18605.672,6762.746,6644.918,6854.176,18364.006,18170.660,18611.113
case084_d0_C0_DEFAULT_N4096_q8_rep4,D0_FCOLLECT_SERIAL,DUSHMEM,C0_DEFAULT,2048,4096,2048,8,4,80,0,PASS,11597.029,11419.200,11847.176,11597.029,11419.200,11847.176,11603.270,11425.120,11853.095,11613.509,11435.038,11863.655,18359.946,18108.584,20220.309,6749.061,6598.201,6862.656,18365.386,18114.021,20225.906
case085_d0_C0_DEFAULT_N4096_q8_rep5,D0_FCOLLECT_SERIAL,DUSHMEM,C0_DEFAULT,2048,4096,2048,8,5,80,0,PASS,11596.704,11386.641,11752.824,11596.704,11386.641,11752.824,11602.707,11393.203,11758.906,11612.554,11403.446,11768.988,18341.882,18074.424,18564.537,6741.510,6638.787,6822.656,18347.323,18080.186,18569.980
case086_dc_C0_DEFAULT_N4096_q8_rep1,DC_PUSHSIG_ONLY,DUSHMEM,C0_DEFAULT,2048,4096,2048,8,1,80,0,PASS,1351.883,1183.886,11455.641,11550.404,7171.662,16127.151,11361.280,7180.466,16101.705,0.000,0.000,0.000,0.000,0.000,0.000,0.000,0.000,0.000,11572.895,7182.867,16135.956
case087_dc_C0_DEFAULT_N4096_q8_rep2,DC_PUSHSIG_ONLY,DUSHMEM,C0_DEFAULT,2048,4096,2048,8,2,80,0,PASS,1366.885,1246.652,7377.999,11357.052,7433.032,16820.523,11368.331,7442.311,16231.909,0.000,0.000,0.000,0.000,0.000,0.000,0.000,0.000,0.000,11367.132,7443.431,16830.766
case088_dc_C0_DEFAULT_N4096_q8_rep3,DC_PUSHSIG_ONLY,DUSHMEM,C0_DEFAULT,2048,4096,2048,8,3,80,0,PASS,1351.447,1181.856,9740.893,11347.373,7221.047,16981.928,11356.733,7230.486,16466.918,0.000,0.000,0.000,0.000,0.000,0.000,0.000,0.000,0.000,11359.372,7231.606,16992.807
case089_dc_C0_DEFAULT_N4096_q8_rep4,DC_PUSHSIG_ONLY,DUSHMEM,C0_DEFAULT,2048,4096,2048,8,4,80,0,PASS,1354.646,1186.975,9644.897,11892.542,7357.669,16196.051,11901.820,7366.469,16205.809,0.000,0.000,0.000,0.000,0.000,0.000,0.000,0.000,0.000,11913.900,7367.748,16206.929
case090_dc_C0_DEFAULT_N4096_q8_rep5,DC_PUSHSIG_ONLY,DUSHMEM,C0_DEFAULT,2048,4096,2048,8,5,80,0,PASS,1355.206,1178.815,8480.018,10645.801,7419.423,15591.286,10655.001,7429.343,15600.887,0.000,0.000,0.000,0.000,0.000,0.000,0.000,0.000,0.000,10668.120,7428.063,15602.967
case091_d0_C0_DEFAULT_N2048_q16_rep1,D0_FCOLLECT_SERIAL,DUSHMEM,C0_DEFAULT,2048,2048,2048,16,1,80,0,PASS,11557.671,11393.282,11764.301,11557.671,11393.282,11764.301,11563.991,11399.539,11770.380,11573.829,11409.778,11780.300,14347.847,14177.124,14601.739,2769.447,2749.930,2791.204,14353.286,14182.562,14607.339
case092_d0_C0_DEFAULT_N2048_q16_rep2,D0_FCOLLECT_SERIAL,DUSHMEM,C0_DEFAULT,2048,2048,2048,16,2,80,0,PASS,11531.442,11354.563,11714.701,11531.442,11354.563,11714.701,11537.601,11360.963,11721.262,11547.761,11371.203,11731.501,14320.981,14148.486,14553.607,2767.447,2756.645,2799.207,14326.500,14154.086,14559.206
case093_d0_C0_DEFAULT_N2048_q16_rep3,D0_FCOLLECT_SERIAL,DUSHMEM,C0_DEFAULT,2048,2048,2048,16,3,80,0,PASS,11541.362,11376.160,11746.701,11541.362,11376.160,11746.701,11547.761,11381.920,11752.941,11557.601,11391.700,11763.020,14333.446,14167.069,14537.102,2770.486,2756.966,2792.003,14339.047,14172.669,14542.381
case094_d0_C0_DEFAULT_N2048_q16_rep4,D0_FCOLLECT_SERIAL,DUSHMEM,C0_DEFAULT,2048,2048,2048,16,4,80,0,PASS,11563.671,11428.817,11820.796,11563.671,11428.817,11820.796,11569.671,11435.217,11826.876,11579.830,11445.436,11836.795,14349.833,14222.719,14613.578,2769.524,2755.530,2782.724,14355.272,14227.999,14619.177
case095_d0_C0_DEFAULT_N2048_q16_rep5,D0_FCOLLECT_SERIAL,DUSHMEM,C0_DEFAULT,2048,2048,2048,16,5,80,0,PASS,11540.710,11377.941,11716.140,11540.710,11377.941,11716.140,11546.471,11384.340,11722.221,11556.471,11394.420,11732.300,14324.155,14182.561,14516.302,2769.686,2754.406,2784.484,14329.674,14188.001,14521.742
case096_dc_C0_DEFAULT_N2048_q16_rep1,DC_PUSHSIG_ONLY,DUSHMEM,C0_DEFAULT,2048,2048,2048,16,1,80,0,PASS,657.325,631.966,12345.709,15509.236,7669.490,20319.377,15479.944,7678.929,19076.051,0.000,0.000,0.000,0.000,0.000,0.000,0.000,0.000,0.000,15518.276,7677.649,20324.975
case097_dc_C0_DEFAULT_N2048_q16_rep2,DC_PUSHSIG_ONLY,DUSHMEM,C0_DEFAULT,2048,2048,2048,16,2,80,0,PASS,4849.198,630.491,10577.767,14899.564,7792.211,19729.465,14875.422,7321.726,18040.588,0.000,0.000,0.000,0.000,0.000,0.000,0.000,0.000,0.000,14908.285,7800.212,19740.988
case098_dc_C0_DEFAULT_N2048_q16_rep3,DC_PUSHSIG_ONLY,DUSHMEM,C0_DEFAULT,2048,2048,2048,16,3,80,0,PASS,842.673,643.805,10501.972,15174.027,7478.461,19948.516,14956.376,7479.901,19947.357,0.000,0.000,0.000,0.000,0.000,0.000,0.000,0.000,0.000,15182.426,7486.300,19958.914
case099_dc_C0_DEFAULT_N2048_q16_rep4,DC_PUSHSIG_ONLY,DUSHMEM,C0_DEFAULT,2048,2048,2048,16,4,80,0,PASS,3672.834,632.286,10471.573,14914.787,9169.740,18601.682,14280.010,7650.136,18603.596,0.000,0.000,0.000,0.000,0.000,0.000,0.000,0.000,0.000,14921.188,9178.221,18609.520
case100_dc_C0_DEFAULT_N2048_q16_rep5,DC_PUSHSIG_ONLY,DUSHMEM,C0_DEFAULT,2048,2048,2048,16,5,80,0,PASS,2624.574,647.645,12428.604,15374.989,7944.353,21425.072,15136.109,7639.732,21435.951,0.000,0.000,0.000,0.000,0.000,0.000,0.000,0.000,0.000,15385.309,7960.992,21434.832
